vehicle_id,delta_ct_mean,delta_ct_max,delta_ct_std,delta_torque_mean,delta_torque_max,delta_torque_s14,delta_temp_mean,delta_temp_max,delta_temp_s09,delta_vib_mean,delta_vib_max,upstream_wear_index,thermal_accumulation_index,material_hardness_factor,defect_occurred
HIST_0001,0.29,15.194,2.814,0.648,1.481,1.481,0.185,3.938,0.663,0.033,0.121,0.006,4.785,1.02,0
HIST_0002,0.072,1.493,0.61,-0.685,-0.107,-1.129,0.165,4.491,-0.564,-0.009,0.096,0.012,5.07,0.991,0
HIST_0003,0.947,15.324,3.82,0.394,1.052,-0.103,0.342,6.965,6.965,0.005,0.125,0.02,9.328,1.002,0
HIST_0004,0.159,1.8,0.708,0.344,0.878,0.23,0.224,3.614,3.614,0.036,0.133,0.026,6.068,1.012,0
HIST_0005,-0.006,1.446,0.924,-2.903,-1.726,-2.928,0.268,3.601,3.601,-0.133,0.005,0.032,6.229,0.931,0
HIST_0006,0.472,14.825,2.754,1.295,2.297,1.23,0.046,2.637,2.637,0.035,0.14,0.039,6.425,1.022,0
HIST_0007,1.133,15.24,3.764,2.178,2.919,2.786,0.216,3.255,3.142,0.068,0.165,0.044,6.623,1.042,0
HIST_0008,0.024,2.048,0.757,0.579,1.68,-0.097,0.322,3.548,3.548,0.046,0.147,0.053,6.766,1.025,0
HIST_0009,0.371,14.96,2.773,0.668,1.989,0.326,0.384,3.42,3.42,0.039,0.145,0.059,6.887,1.011,0
HIST_0010,0.618,15.295,2.816,0.801,1.318,1.001,0.333,3.637,3.637,0.041,0.135,0.067,6.955,1.02,0
HIST_0011,0.45,15.491,2.854,0.426,1.4,-0.536,0.29,3.322,3.322,0.042,0.14,0.074,6.993,1.008,0
HIST_0012,0.608,12.683,2.359,-0.371,0.378,0.378,0.362,4.009,4.009,-0.007,0.104,0.08,6.979,0.992,0
HIST_0013,0.305,1.768,0.699,0.999,2.346,1.929,0.259,4.351,4.351,0.031,0.198,0.088,7.043,1.022,0
HIST_0014,0.034,1.726,0.792,1.164,2.38,0.944,0.516,10.536,10.536,0.028,0.1,0.095,14.347,1.02,0
HIST_0015,0.167,1.399,0.781,2.242,3.025,1.819,0.498,8.107,8.107,0.116,0.243,0.101,11.648,1.052,0
HIST_0016,0.18,1.508,0.797,1.522,2.486,1.768,0.303,8.605,8.605,0.084,0.218,0.106,11.883,1.037,0
HIST_0017,0.18,1.65,0.714,0.757,1.259,0.204,0.343,5.277,5.277,0.043,0.131,0.113,7.919,1.017,0
HIST_0018,0.154,1.551,0.742,0.788,1.7,0.409,0.396,3.81,3.81,0.024,0.114,0.121,8.095,1.013,0
HIST_0019,0.028,1.521,0.714,-2.726,-1.946,-2.517,0.24,4.409,4.409,-0.105,-0.008,0.128,8.352,0.94,0
HIST_0020,0.428,14.536,2.736,3.004,3.438,3.417,0.38,4.225,4.225,0.129,0.304,0.134,8.47,1.065,0
HIST_0021,0.488,14.747,2.725,-1.467,-0.812,-0.918,0.312,3.734,3.734,-0.065,0.058,0.142,8.752,0.961,0
HIST_0022,0.093,1.93,0.753,-0.923,-0.085,-1.452,0.225,3.749,3.749,-0.023,0.094,0.15,8.581,0.982,0
HIST_0023,1.019,15.585,3.757,3.527,4.362,4.257,0.259,3.98,3.98,0.161,0.277,0.157,8.521,1.081,1
HIST_0024,0.251,1.184,0.58,-1.761,-0.15,-1.933,0.41,4.335,4.335,-0.083,0.013,0.165,8.604,0.954,0
HIST_0025,0.614,15.546,2.88,-0.526,0.385,-0.63,0.222,4.435,4.435,-0.015,0.081,0.171,8.911,0.986,0
HIST_0026,0.885,14.583,3.659,1.318,1.783,1.439,0.344,3.597,3.279,0.064,0.182,0.178,6.842,1.029,0
HIST_0027,0.173,1.668,0.788,4.626,5.198,4.926,0.479,7.091,7.091,0.203,0.332,0.185,12.038,1.105,1
HIST_0028,0.369,1.61,0.653,-1.048,0.242,0.242,0.349,3.67,3.67,-0.02,0.09,0.193,8.592,0.978,0
HIST_0029,-0.054,2.154,0.816,-0.45,0.224,-1.445,0.319,3.262,3.249,0.0,0.102,0.2,8.718,0.993,0
HIST_0030,0.022,1.782,0.85,1.107,3.169,0.83,0.296,3.516,3.516,0.036,0.179,0.206,8.714,1.018,0
HIST_0031,0.783,14.876,3.816,-3.328,-2.251,-4.782,0.505,10.117,3.313,-0.121,0.003,0.212,15.948,0.924,0
HIST_0032,0.259,14.288,2.701,1.404,2.17,1.044,0.408,7.483,3.406,0.075,0.198,0.219,13.536,1.028,0
HIST_0033,0.024,1.802,0.936,-0.013,1.201,0.903,0.608,7.729,3.986,0.012,0.135,0.226,13.913,0.996,0
HIST_0034,0.377,1.437,0.875,-0.968,0.166,-0.849,0.413,8.44,3.419,-0.015,0.141,0.232,14.038,0.985,0
HIST_0035,0.195,1.817,0.739,-1.354,0.275,-1.372,0.743,7.882,4.469,-0.03,0.106,0.238,14.069,0.979,0
HIST_0036,-0.149,1.677,0.908,-2.183,-0.819,-1.273,0.492,7.847,4.25,-0.079,0.028,0.245,14.113,0.947,0
HIST_0037,0.132,1.77,0.811,2.093,3.045,1.679,0.42,4.427,4.427,0.078,0.195,0.251,10.254,1.038,0
HIST_0038,0.208,1.846,1.007,0.667,1.055,-0.348,0.418,4.406,4.252,0.039,0.12,0.258,10.24,1.012,0
HIST_0039,-0.124,1.415,0.663,-1.175,-0.733,-0.895,0.179,3.879,3.879,-0.056,0.081,0.264,8.41,0.967,0
HIST_0040,0.604,16.335,3.009,-1.171,-0.747,-0.986,0.382,3.642,3.642,-0.051,0.108,0.273,8.444,0.968,0
HIST_0041,0.217,1.9,0.864,-0.915,-0.055,-1.596,0.438,7.295,3.908,-0.044,0.188,0.28,14.583,0.971,0
HIST_0042,0.088,1.469,0.876,-0.508,-0.209,-0.573,0.508,3.634,3.634,-0.006,0.143,0.287,10.86,0.991,0
HIST_0043,0.507,15.963,2.984,-1.101,0.281,-1.458,0.392,4.149,4.149,-0.046,0.057,0.294,11.096,0.974,0
HIST_0044,-0.152,1.971,0.827,2.195,2.706,1.564,0.63,7.225,4.86,0.109,0.267,0.301,15.95,1.057,0
HIST_0045,0.466,14.094,2.685,0.063,0.592,0.592,0.488,6.631,3.771,0.047,0.16,0.309,16.257,1.009,0
HIST_0046,0.091,1.405,0.565,0.66,1.191,-0.476,0.509,6.718,2.355,0.052,0.211,0.316,14.358,1.012,0
HIST_0047,1.013,15.175,3.852,-0.416,0.427,0.427,0.676,7.179,2.69,0.012,0.15,0.324,16.863,0.997,0
HIST_0048,0.07,1.911,0.946,0.946,1.727,0.437,0.694,7.048,1.83,0.077,0.241,0.33,16.881,1.025,0
HIST_0049,0.775,14.798,2.69,-0.655,0.043,0.043,0.468,7.554,1.861,-0.011,0.138,0.338,16.974,0.991,0
HIST_0050,0.141,1.718,0.743,4.468,5.832,4.726,0.461,6.505,1.874,0.233,0.396,0.344,14.905,1.102,1
HIST_0051,0.729,13.316,2.475,0.806,2.289,2.289,0.559,7.406,2.53,0.038,0.228,0.351,14.882,1.01,0
HIST_0052,0.156,1.865,0.757,-0.203,0.304,0.216,0.495,7.086,1.913,0.014,0.127,0.357,14.966,0.993,0
HIST_0053,0.744,14.657,2.701,0.906,1.574,0.989,0.528,8.012,2.376,0.093,0.266,0.363,15.12,1.03,0
HIST_0054,0.049,1.618,0.714,-2.436,-1.163,-1.875,0.414,4.204,2.033,-0.096,0.037,0.371,11.658,0.938,0
HIST_0055,0.341,14.048,2.634,-0.511,-0.053,-0.373,0.414,4.154,1.41,-0.011,0.109,0.377,11.791,0.989,0
HIST_0056,1.41,16.435,3.815,-0.642,-0.248,-0.598,0.447,3.797,2.221,0.004,0.182,0.383,11.715,0.991,0
HIST_0057,0.663,15.62,2.874,-0.753,-0.452,-0.764,0.406,3.996,1.507,0.01,0.187,0.391,11.85,0.985,0
HIST_0058,0.681,15.016,2.774,2.491,3.276,2.327,0.382,4.067,1.901,0.125,0.284,0.398,12.11,1.054,0
HIST_0059,0.173,2.479,0.965,0.192,1.168,0.091,0.387,4.111,2.009,0.016,0.214,0.406,12.171,1.001,0
HIST_0060,0.349,15.03,2.959,-2.404,-1.78,-3.305,0.487,4.345,2.425,-0.082,0.01,0.412,12.356,0.952,0
HIST_0061,0.198,2.301,0.843,-2.358,-1.442,-2.196,0.446,4.333,2.181,-0.059,0.115,0.418,12.254,0.947,0
HIST_0062,0.59,14.085,2.651,1.909,2.853,1.181,0.582,4.241,2.389,0.095,0.231,0.424,12.307,1.033,0
HIST_0063,0.017,2.105,0.929,-0.126,0.756,-0.376,0.621,10.098,2.349,0.043,0.224,0.431,18.699,1.002,0
HIST_0064,0.653,15.573,2.9,-0.044,0.553,-0.269,0.647,7.839,2.485,0.045,0.193,0.439,16.342,1.002,0
HIST_0065,-0.029,2.287,1.018,1.124,2.018,1.083,0.545,4.509,1.293,0.071,0.257,0.446,12.384,1.028,0
HIST_0066,0.113,1.999,0.78,-0.344,-0.014,-1.073,0.575,8.693,1.995,-0.001,0.159,0.453,17.667,0.987,0
HIST_0067,0.153,1.803,0.858,-1.369,-0.752,-1.009,0.658,7.914,2.701,-0.027,0.12,0.46,16.576,0.973,0
HIST_0068,0.152,2.056,0.828,-1.108,-0.236,-1.464,0.587,7.722,2.246,-0.029,0.17,0.468,16.733,0.97,0
HIST_0069,0.189,1.467,0.776,0.259,1.45,0.148,0.401,3.56,3.127,0.036,0.291,0.475,12.695,1.006,0
HIST_0070,-0.142,2.823,0.855,-1.3,-0.276,-1.436,0.778,7.683,3.167,-0.036,0.19,0.483,17.494,0.97,0
HIST_0071,0.525,1.782,0.733,-0.974,0.236,-0.732,0.621,7.397,2.588,-0.016,0.158,0.49,17.694,0.969,0
HIST_0072,0.249,1.981,0.957,0.357,1.028,1.028,0.631,7.397,3.057,0.049,0.222,0.497,17.751,1.013,0
HIST_0073,0.794,15.95,2.985,0.213,1.031,0.542,0.715,8.304,2.295,0.033,0.28,0.503,17.803,1.008,0
HIST_0074,0.432,15.146,2.918,0.452,1.004,0.775,0.614,8.022,2.213,0.04,0.196,0.511,17.82,0.998,0
HIST_0075,0.15,1.307,0.747,2.429,3.829,0.78,0.892,9.994,2.305,0.14,0.345,0.517,24.029,1.047,0
HIST_0076,0.22,2.131,0.921,0.564,1.533,0.149,0.711,8.118,2.146,0.065,0.321,0.523,18.345,1.022,0
HIST_0077,0.583,13.881,2.593,-0.408,0.32,-0.105,0.429,4.473,2.555,0.03,0.208,0.531,14.296,0.997,0
HIST_0078,0.177,2.938,1.014,-1.174,-0.039,-0.793,0.563,3.814,2.99,-0.026,0.147,0.537,12.379,0.971,0
HIST_0079,0.555,5.262,1.202,1.132,3.934,0.982,0.507,4.274,2.395,0.083,0.958,0.545,12.553,1.007,0
HIST_0080,0.841,14.534,2.763,2.039,5.027,0.717,0.614,3.887,2.801,0.126,1.009,0.551,12.516,1.034,0
HIST_0081,1.526,14.909,2.871,4.031,6.735,5.798,0.94,4.057,3.042,0.209,1.124,0.558,12.591,1.052,1
HIST_0082,1.149,14.058,3.107,4.323,6.196,6.196,0.828,3.889,2.348,0.241,1.085,0.565,10.831,1.039,1
HIST_0083,1.658,15.158,3.297,3.053,5.065,5.065,1.118,4.2,2.625,0.166,0.983,0.571,11.124,0.991,1
HIST_0084,1.621,15.644,3.65,-0.231,0.48,-1.212,1.369,4.329,4.14,0.057,0.811,0.578,11.231,0.918,0
HIST_0085,1.674,20.87,4.22,3.204,4.156,3.186,1.173,4.39,2.967,0.225,1.082,0.585,9.485,0.992,0
HIST_0086,1.354,7.182,2.597,4.286,5.013,4.654,1.151,4.486,3.022,0.247,1.086,0.593,9.455,1.012,1
HIST_0087,1.893,15.065,3.447,3.139,4.514,3.504,1.217,4.571,3.546,0.184,0.979,0.599,9.364,0.983,0
HIST_0088,1.338,6.75,2.493,3.589,4.979,4.979,1.39,4.865,2.801,0.213,1.032,0.606,9.367,0.993,1
HIST_0089,1.807,13.308,3.086,1.796,2.633,2.633,1.298,4.338,3.117,0.13,0.966,0.611,9.606,0.953,0
HIST_0090,1.513,14.77,3.454,4.77,5.88,3.623,1.229,4.69,2.813,0.258,1.084,0.617,9.83,1.013,1
HIST_0091,1.928,14.888,3.392,2.262,2.804,2.218,1.326,5.048,3.717,0.167,0.993,0.623,10.187,0.965,0
HIST_0092,2.038,21.54,4.29,6.141,7.177,6.082,1.296,4.285,3.121,0.323,1.197,0.63,10.291,1.046,1
HIST_0093,1.563,7.043,2.649,7.346,7.898,6.654,1.28,4.942,3.378,0.356,1.266,0.636,10.449,1.061,1
HIST_0094,1.343,7.151,2.628,0.695,1.378,0.9,1.161,4.896,2.674,0.088,0.889,0.644,10.625,0.926,0
HIST_0095,1.277,7.239,2.834,6.088,6.904,5.881,1.476,8.351,8.351,0.323,1.212,0.651,16.172,1.033,1
HIST_0096,1.828,20.978,4.318,7.807,8.872,7.226,1.686,8.445,8.046,0.397,1.364,0.657,21.137,1.072,1
HIST_0097,1.282,6.689,2.674,7.572,8.44,7.802,1.702,8.556,7.798,0.414,1.35,0.664,21.013,1.074,1
HIST_0098,1.314,6.663,2.487,3.852,5.029,4.327,1.6,7.773,3.93,0.223,1.175,0.67,16.867,0.985,1
HIST_0099,1.501,7.295,2.671,5.584,6.406,6.201,1.498,9.685,9.685,0.297,1.177,0.677,19.208,1.023,1
HIST_0100,1.617,7.983,2.502,4.763,5.168,4.874,1.569,7.818,7.818,0.297,1.193,0.684,17.046,1.02,1
HIST_0101,1.384,6.508,2.591,6.202,6.814,5.837,1.668,7.662,7.662,0.335,1.268,0.691,17.132,1.037,1
HIST_0102,1.428,7.765,3.097,5.69,6.69,6.015,1.873,9.497,8.329,0.317,1.295,0.698,23.856,1.026,1
HIST_0103,2.178,21.714,4.999,3.826,4.504,4.504,1.891,8.824,3.54,0.226,1.216,0.704,23.363,0.984,1
HIST_0104,1.491,7.415,2.879,6.873,7.551,7.551,1.758,8.274,3.784,0.359,1.353,0.71,22.15,1.041,1
HIST_0105,1.584,7.724,2.836,0.529,1.555,-0.257,1.666,8.967,4.153,0.075,0.984,0.717,18.019,0.906,0
HIST_0106,1.914,14.4,3.734,3.004,3.365,3.062,1.653,7.562,3.928,0.215,1.16,0.725,18.128,0.966,0
HIST_0107,1.437,8.374,3.014,3.304,4.173,3.552,1.684,7.285,3.938,0.207,1.197,0.732,18.061,0.972,0
HIST_0108,2.008,15.366,3.778,6.434,6.934,6.559,1.681,7.832,2.486,0.35,1.335,0.74,16.229,1.033,1
HIST_0109,1.647,8.302,3.153,6.509,7.714,5.967,1.548,8.44,2.132,0.376,1.46,0.747,16.255,1.043,1
HIST_0110,1.867,15.406,3.891,3.851,5.033,3.667,1.833,7.654,1.404,0.243,1.194,0.754,20.931,0.98,0
HIST_0111,1.435,7.225,3.161,4.81,5.651,4.901,1.829,8.893,1.459,0.288,1.335,0.762,20.993,1.003,1
HIST_0112,2.185,22.763,4.699,6.317,7.115,6.477,1.667,7.837,2.147,0.368,1.37,0.769,17.275,1.032,1
HIST_0113,1.547,8.27,3.114,-0.761,-0.232,-1.177,1.645,5.413,2.347,0.041,0.962,0.776,13.514,0.882,0
HIST_0114,2.122,14.923,3.981,6.258,6.841,6.109,1.65,5.834,2.312,0.351,1.421,0.784,11.767,1.022,1
HIST_0115,2.003,16.243,4.024,3.954,4.853,4.853,1.674,5.92,2.218,0.25,1.255,0.792,11.884,0.979,1
HIST_0116,1.53,8.073,3.187,4.591,5.794,3.632,1.557,5.431,1.988,0.283,1.353,0.799,11.871,0.994,1
HIST_0117,2.211,23.125,4.93,4.145,4.797,4.399,1.646,5.276,2.656,0.264,1.29,0.806,11.899,0.976,1
HIST_0118,2.237,21.933,4.658,6.276,7.758,7.113,1.59,6.044,1.896,0.354,1.517,0.813,12.037,1.019,1
HIST_0119,1.767,8.59,3.119,8.996,10.322,9.396,1.552,5.722,2.066,0.492,1.658,0.818,12.264,1.078,1
HIST_0120,2.138,15.098,3.907,4.149,4.736,3.776,1.628,5.885,1.914,0.259,1.358,0.825,12.16,0.976,0
HIST_0121,1.564,9.585,3.435,5.425,5.807,5.807,1.559,6.443,1.626,0.315,1.391,0.831,10.195,1.003,1
HIST_0122,2.986,22.082,5.252,9.585,10.139,9.03,1.598,5.715,2.012,0.51,1.718,0.838,10.286,1.089,1
HIST_0123,2.344,15.416,4.173,8.517,9.062,8.361,1.604,6.002,2.128,0.476,1.661,0.845,10.424,1.067,0
HIST_0124,1.657,8.418,3.134,4.191,4.873,3.603,1.719,6.16,2.827,0.244,1.337,0.853,10.385,0.965,0
HIST_0125,2.759,14.734,4.591,5.42,6.411,5.005,1.601,5.794,2.833,0.313,1.444,0.861,10.583,0.991,1
HIST_0126,1.711,9.174,3.553,5.654,6.235,5.095,1.579,5.835,2.876,0.347,1.508,0.869,10.697,1.002,1
HIST_0127,1.725,9.003,3.187,6.023,6.684,6.109,1.639,5.913,2.93,0.35,1.496,0.875,10.77,1.014,1
HIST_0128,1.807,9.026,3.662,2.556,2.914,2.359,1.78,6.353,2.782,0.194,1.256,0.882,8.889,0.934,0
HIST_0129,1.868,8.252,3.407,5.403,5.958,4.693,1.584,6.62,2.103,0.318,1.43,0.889,9.07,0.988,1
HIST_0130,2.507,15.262,4.115,6.803,8.086,6.418,1.63,6.746,2.402,0.391,1.564,0.895,9.415,1.026,1
HIST_0131,1.832,8.995,3.33,6.192,6.822,6.139,1.528,6.114,2.476,0.365,1.592,0.902,9.285,1.008,1
HIST_0132,2.241,9.826,3.555,5.963,7.651,5.372,1.876,8.44,8.44,0.372,1.584,0.91,15.109,1.01,1
HIST_0133,2.465,15.973,4.486,4.051,5.002,3.764,1.838,8.016,8.016,0.263,1.437,0.917,14.548,0.96,0
HIST_0134,1.978,9.285,3.564,2.641,3.338,2.467,1.802,6.151,4.291,0.216,1.435,0.924,10.689,0.932,0
HIST_0135,1.709,9.234,3.8,5.682,6.526,4.996,1.795,6.411,4.486,0.333,1.542,0.931,10.913,0.99,1
HIST_0136,1.947,8.986,3.731,7.945,8.567,8.567,1.77,6.372,2.139,0.446,1.721,0.938,8.919,1.043,1
HIST_0137,2.068,9.505,3.804,6.628,7.87,6.41,1.737,6.527,2.037,0.392,1.668,0.945,8.848,1.01,0
HIST_0138,2.533,23.014,5.182,5.413,6.434,5.555,1.721,6.354,2.048,0.319,1.527,0.951,8.998,0.985,1
HIST_0139,2.365,24.213,5.353,9.601,10.554,9.701,1.716,6.782,1.828,0.522,1.881,0.958,8.866,1.062,1
HIST_0140,0.003,1.953,0.86,0.756,1.537,1.537,0.347,3.341,2.512,0.027,0.139,0.0,9.107,1.014,0
HIST_0141,0.093,1.425,0.816,2.474,3.877,1.879,0.258,3.956,2.678,0.094,0.289,0.008,9.255,1.051,0
HIST_0142,-0.104,1.294,0.612,0.148,0.733,0.016,0.336,3.08,1.889,0.007,0.131,0.014,9.45,1.002,0
HIST_0143,0.478,13.985,2.627,3.932,5.097,5.097,0.143,3.937,2.114,0.158,0.256,0.021,9.408,1.086,1
HIST_0144,0.18,1.669,0.795,1.555,2.231,2.096,0.315,3.429,1.582,0.071,0.188,0.027,9.468,1.03,0
HIST_0145,0.671,14.819,2.725,1.101,2.321,0.516,0.267,3.302,2.393,0.064,0.147,0.034,9.487,1.034,0
HIST_0146,-0.01,1.595,0.721,3.119,3.903,3.683,0.366,3.179,1.866,0.142,0.261,0.04,9.46,1.074,0
HIST_0147,-0.156,1.42,0.768,-1.35,-0.861,-1.112,0.342,3.091,2.059,-0.032,0.049,0.047,9.681,0.973,0
HIST_0148,1.0,15.198,3.86,1.259,2.272,2.272,0.389,3.81,1.958,0.065,0.173,0.054,9.922,1.034,0
HIST_0149,0.002,1.742,0.939,-4.086,-3.692,-4.813,0.332,3.234,2.952,-0.171,-0.088,0.061,10.078,0.904,0
HIST_0150,0.556,14.348,2.641,-0.341,0.233,-1.284,0.336,3.263,2.502,0.001,0.09,0.069,10.204,0.994,0
HIST_0151,-0.087,1.372,0.728,-3.069,-2.437,-3.414,0.422,3.143,3.024,-0.122,-0.048,0.076,10.294,0.927,0
HIST_0152,0.698,16.081,2.968,-0.227,0.774,0.472,0.4,2.909,2.126,-0.012,0.073,0.081,10.363,0.994,0
HIST_0153,0.023,1.49,0.874,1.567,2.485,2.485,0.594,10.04,2.498,0.075,0.162,0.089,17.264,1.042,0
HIST_0154,0.117,2.137,0.987,0.452,1.34,0.205,0.605,8.197,2.596,0.024,0.149,0.095,15.289,1.006,0
HIST_0155,-0.343,1.433,0.887,0.315,0.866,0.15,0.481,7.539,1.986,0.048,0.166,0.101,15.37,1.015,0
HIST_0156,-0.039,1.584,0.821,1.167,1.972,1.759,0.703,14.753,3.254,0.069,0.161,0.108,22.082,1.029,0
HIST_0157,1.112,15.153,3.709,-0.983,-0.446,-0.927,0.599,8.52,2.646,-0.036,0.085,0.115,15.505,0.974,0
HIST_0158,0.748,15.64,4.054,-1.092,-0.277,-1.814,0.312,4.825,2.839,-0.046,0.089,0.121,11.619,0.968,0
HIST_0159,-0.044,1.904,0.824,-1.139,-0.112,-1.218,0.379,4.144,1.955,-0.039,0.059,0.128,11.681,0.978,0
HIST_0160,0.557,15.469,2.897,-0.043,0.734,-0.557,0.375,3.437,2.426,0.029,0.106,0.136,10.019,1.004,0
HIST_0161,0.578,14.35,2.652,0.337,0.796,0.041,0.544,4.149,2.967,0.001,0.12,0.142,9.96,1.002,0
HIST_0162,0.41,14.589,2.735,-1.913,-1.157,-2.536,0.554,3.708,3.708,-0.07,0.057,0.148,9.926,0.951,0
HIST_0163,-0.165,1.028,0.721,-0.839,-0.198,-0.434,0.373,3.64,3.075,-0.029,0.051,0.154,10.066,0.972,0
HIST_0164,0.207,2.203,0.872,-0.463,0.349,-0.085,0.395,3.433,3.433,-0.007,0.081,0.163,10.055,0.993,0
HIST_0165,-0.028,2.183,0.844,0.504,1.29,0.444,0.372,3.316,3.316,0.008,0.11,0.17,10.184,1.002,0
HIST_0166,0.459,15.078,2.841,-4.742,-4.089,-5.106,0.335,3.495,3.365,-0.198,-0.052,0.178,10.277,0.89,0
HIST_0167,0.322,1.741,0.643,-2.465,-2.282,-2.384,0.391,3.951,2.542,-0.1,0.005,0.184,10.509,0.939,0
HIST_0168,0.52,15.181,2.889,3.738,4.85,3.534,0.495,4.165,2.238,0.15,0.288,0.19,10.636,1.083,0
HIST_0169,0.861,15.525,3.953,1.859,3.106,1.867,0.475,3.732,3.306,0.106,0.222,0.198,10.962,1.044,0
HIST_0170,0.504,14.79,2.773,-0.518,0.028,-0.329,0.431,4.184,2.781,0.005,0.119,0.203,10.923,0.991,0
HIST_0171,0.175,1.306,0.657,3.396,3.825,2.845,0.389,3.218,3.218,0.179,0.336,0.21,11.013,1.081,0
HIST_0172,0.468,15.198,2.811,1.886,2.763,1.923,0.408,3.88,2.137,0.068,0.193,0.217,10.984,1.029,0
HIST_0173,0.621,16.039,2.934,-0.277,0.896,-0.119,0.287,3.529,2.522,-0.018,0.072,0.223,11.061,0.987,0
HIST_0174,0.726,14.098,2.575,0.452,1.181,-0.379,0.426,3.863,2.943,0.028,0.167,0.23,11.183,1.002,0
HIST_0175,0.733,14.898,2.753,-2.368,-1.688,-2.128,0.474,3.933,2.995,-0.085,0.014,0.237,11.289,0.941,0
HIST_0176,0.951,14.552,3.69,-0.019,1.012,0.043,0.399,2.872,2.234,0.01,0.148,0.244,11.395,0.997,0
HIST_0177,0.628,14.897,2.838,1.811,2.47,1.401,0.513,4.03,3.585,0.056,0.174,0.252,11.519,1.031,0
HIST_0178,-0.016,1.95,0.826,3.067,4.169,4.169,0.44,3.559,2.723,0.157,0.302,0.259,11.486,1.068,0
HIST_0179,0.418,2.716,0.897,2.8,3.548,2.766,0.418,3.247,2.542,0.142,0.292,0.266,11.556,1.062,0
HIST_0180,0.557,15.326,2.829,2.609,3.785,1.85,0.427,3.779,3.779,0.141,0.248,0.274,11.712,1.064,0
HIST_0181,0.053,1.438,0.778,-0.353,0.201,-0.569,0.342,3.79,2.826,-0.019,0.086,0.281,11.973,0.989,0
HIST_0182,0.849,15.72,2.888,1.12,2.262,0.65,0.499,3.986,3.569,0.081,0.165,0.288,11.881,1.034,0
HIST_0183,-0.017,1.457,0.676,-0.097,0.782,0.445,0.502,3.645,2.998,0.017,0.138,0.295,11.774,0.999,0
HIST_0184,0.803,15.039,2.77,0.543,1.218,0.024,0.703,7.552,3.649,0.047,0.195,0.301,15.127,1.018,0
HIST_0185,0.069,1.839,0.655,-1.699,-1.357,-1.782,0.562,8.078,2.977,-0.054,0.067,0.308,15.406,0.959,0
HIST_0186,0.815,15.105,2.786,-1.232,-0.504,-0.79,0.425,4.21,2.813,-0.039,0.16,0.316,11.636,0.97,0
HIST_0187,0.166,1.484,0.683,-0.42,0.984,-0.889,0.46,4.257,3.745,-0.004,0.155,0.322,11.438,0.983,0
HIST_0188,-0.099,1.769,0.79,-0.14,0.414,-0.557,0.486,4.409,3.47,0.017,0.209,0.328,11.715,0.995,0
HIST_0189,0.733,14.655,2.689,0.358,1.147,0.044,0.383,3.414,3.414,0.008,0.13,0.335,9.523,1.006,0
HIST_0190,-0.06,1.768,0.8,1.145,2.136,1.115,0.453,3.803,3.803,0.087,0.253,0.341,9.628,1.031,0
HIST_0191,0.547,16.167,3.098,0.803,1.935,1.12,0.375,3.339,3.339,0.056,0.236,0.349,9.583,1.018,0
HIST_0192,0.078,1.616,0.716,1.491,2.099,1.74,0.336,3.515,3.515,0.09,0.287,0.356,9.71,1.038,0
HIST_0193,-0.047,1.015,0.68,1.73,2.611,2.611,0.502,3.775,3.775,0.08,0.269,0.363,9.913,1.032,0
HIST_0194,0.639,16.913,3.147,1.13,2.289,1.103,0.323,3.419,3.419,0.091,0.283,0.37,10.134,1.028,0
HIST_0195,1.238,15.627,3.778,-0.255,0.425,-0.062,0.509,3.757,3.757,0.029,0.166,0.378,10.362,1.003,0
HIST_0196,1.037,16.012,2.88,0.575,1.759,-0.072,0.387,2.789,2.789,0.05,0.194,0.385,10.418,1.016,0
HIST_0197,0.602,15.762,2.945,-0.166,0.537,0.214,0.415,3.252,3.252,0.031,0.265,0.393,10.493,0.999,0
HIST_0198,0.287,2.846,0.908,1.161,2.309,1.74,0.374,3.125,3.125,0.082,0.266,0.4,10.745,1.03,0
HIST_0199,0.644,15.471,2.896,-0.537,0.004,-0.607,0.373,3.583,3.583,0.022,0.126,0.406,10.898,0.994,0
HIST_0200,0.237,1.889,0.783,1.475,2.944,0.484,0.435,3.499,3.499,0.113,0.253,0.412,11.041,1.037,0
HIST_0201,1.316,15.341,3.712,3.404,4.332,4.332,0.459,3.654,3.654,0.166,0.379,0.419,10.976,1.076,1
HIST_0202,0.123,1.872,0.995,0.809,1.156,0.84,0.584,10.167,10.167,0.074,0.255,0.425,17.873,1.024,0
HIST_0203,1.029,16.084,3.797,2.519,4.08,3.487,0.638,7.82,7.82,0.148,0.389,0.432,15.605,1.069,0
HIST_0204,0.292,2.882,0.934,3.27,4.001,3.531,0.625,8.568,8.568,0.159,0.346,0.439,15.797,1.074,0
HIST_0205,0.635,15.025,2.772,0.507,1.687,-0.185,0.68,7.868,7.868,0.028,0.181,0.445,20.279,1.007,0
HIST_0206,0.007,1.572,0.79,-0.831,-0.196,-0.513,0.603,6.838,3.997,-0.014,0.198,0.452,16.248,0.975,0
HIST_0207,0.156,1.657,0.643,-0.994,0.029,-0.116,0.598,6.63,4.952,-0.036,0.21,0.459,16.306,0.973,0
HIST_0208,0.648,15.035,2.762,-0.254,0.203,0.007,0.724,7.054,4.677,0.01,0.222,0.466,16.386,0.994,0
HIST_0209,0.834,15.785,2.908,-0.987,-0.248,-0.371,0.466,4.062,3.753,0.004,0.172,0.474,12.861,0.978,0
HIST_0210,0.03,2.004,0.846,-0.456,0.385,-0.302,0.401,3.768,2.322,0.006,0.185,0.481,10.843,0.989,0
HIST_0211,0.67,14.7,2.728,-0.338,0.537,-1.108,0.41,3.475,2.106,0.002,0.188,0.488,10.867,0.988,0
HIST_0212,0.285,1.752,0.715,1.238,1.735,1.122,0.472,3.223,2.376,0.09,0.26,0.495,11.141,1.031,0
HIST_0213,1.482,16.438,4.023,-0.542,0.06,-0.217,0.505,3.41,2.594,-0.006,0.183,0.502,11.39,0.981,0
HIST_0214,0.3,1.862,0.861,-0.581,0.397,-0.459,0.369,3.64,1.737,0.018,0.206,0.509,11.432,0.989,0
HIST_0215,1.1,14.775,3.725,2.294,3.33,2.167,0.422,3.337,2.274,0.127,0.342,0.516,11.348,1.051,0
HIST_0216,0.73,16.659,3.119,0.207,1.082,0.362,0.428,3.397,2.601,0.032,0.233,0.524,11.636,0.998,0
HIST_0217,0.107,1.427,0.892,0.333,1.304,0.247,0.491,4.31,1.854,0.046,0.248,0.532,11.796,1.008,0
HIST_0218,0.491,5.874,1.57,1.836,4.344,0.138,0.666,3.449,1.705,0.119,0.956,0.539,11.972,1.019,0
HIST_0219,0.82,6.982,1.89,2.6,4.968,1.187,0.797,4.254,2.283,0.159,0.968,0.545,11.806,1.02,0
HIST_0220,0.768,5.5,1.794,0.583,2.85,-0.775,0.967,3.949,2.599,0.084,0.853,0.552,12.058,0.968,0
HIST_0221,0.931,7.076,2.059,4.093,6.085,1.109,1.328,8.717,8.717,0.241,1.128,0.558,18.671,1.04,1
HIST_0222,0.956,6.083,2.319,2.087,3.235,-0.846,1.388,8.071,8.071,0.158,0.963,0.565,17.812,0.974,0
HIST_0223,1.113,6.188,2.433,3.071,3.763,2.82,1.708,10.338,7.526,0.2,0.997,0.572,24.57,0.987,0
HIST_0224,1.418,6.649,2.626,4.839,5.869,4.819,1.323,4.37,3.627,0.262,1.055,0.579,14.847,1.026,1
HIST_0225,0.942,6.538,2.47,1.216,1.919,1.919,1.265,4.639,1.555,0.099,0.843,0.586,12.718,0.945,0
HIST_0226,1.541,15.737,3.614,4.306,5.073,3.83,1.179,4.263,1.853,0.246,1.091,0.594,12.795,1.008,0
HIST_0227,1.077,7.431,2.654,2.278,3.207,2.264,1.294,4.261,1.8,0.146,0.948,0.602,12.914,0.96,0
HIST_0228,1.579,15.509,3.535,4.762,5.5,4.179,1.421,4.666,2.199,0.284,1.096,0.609,11.134,1.02,0
HIST_0229,2.399,14.909,4.2,3.751,4.372,3.781,1.246,4.909,2.228,0.211,1.035,0.616,11.314,0.992,0
HIST_0230,1.216,6.107,2.298,0.983,2.28,0.514,1.313,4.477,2.862,0.091,0.871,0.623,11.447,0.935,0
HIST_0231,1.261,7.187,2.687,7.132,7.535,6.348,1.766,10.651,2.338,0.364,1.282,0.629,18.236,1.06,1
HIST_0232,1.714,14.884,3.513,3.69,4.179,4.125,1.597,8.844,2.44,0.242,1.125,0.635,16.257,0.998,0
HIST_0233,1.8,16.759,3.846,5.212,6.006,4.223,1.458,6.928,2.725,0.305,1.214,0.642,16.238,1.023,1
HIST_0234,1.782,15.615,3.744,3.671,4.167,3.585,1.386,7.544,2.401,0.236,1.132,0.649,16.253,0.989,0
HIST_0235,1.353,6.693,2.669,5.513,6.112,6.112,1.504,6.874,2.144,0.301,1.227,0.656,16.412,1.021,1
HIST_0236,2.425,15.315,4.262,8.009,8.511,7.156,1.602,8.546,2.378,0.413,1.347,0.662,16.621,1.078,1
HIST_0237,1.907,15.07,3.676,6.382,6.992,6.023,1.753,7.741,2.506,0.357,1.297,0.668,16.898,1.046,1
HIST_0238,1.436,7.289,2.767,7.173,8.341,6.66,1.612,7.952,2.977,0.371,1.33,0.675,16.703,1.054,1
HIST_0239,1.926,15.114,3.57,3.986,4.532,4.479,1.571,7.835,2.98,0.241,1.151,0.681,16.634,0.988,1
HIST_0240,1.429,7.468,2.825,4.126,5.202,3.45,1.691,9.687,9.687,0.253,1.219,0.687,23.399,0.99,0
HIST_0241,1.469,7.241,2.806,1.944,2.52,2.52,1.734,8.215,8.026,0.16,1.077,0.693,22.285,0.949,0
HIST_0242,1.795,13.71,3.491,4.479,5.257,3.71,1.554,7.96,4.115,0.279,1.255,0.699,18.38,1.002,0
HIST_0243,2.106,15.062,3.675,5.471,6.178,5.321,1.775,8.382,4.03,0.338,1.35,0.706,18.178,1.028,1
HIST_0244,2.634,15.976,4.388,4.586,5.432,4.695,1.865,7.429,4.26,0.268,1.249,0.714,18.244,1.001,1
HIST_0245,1.579,8.852,2.966,6.09,6.509,5.932,1.949,9.027,4.027,0.324,1.394,0.721,23.623,1.035,1
HIST_0246,1.541,7.215,2.754,3.774,4.681,4.159,1.674,8.208,4.934,0.248,1.244,0.728,18.728,0.984,0
HIST_0247,2.162,15.517,4.058,5.946,7.095,7.095,1.72,7.125,4.274,0.352,1.348,0.734,19.04,1.032,1
HIST_0248,1.505,7.537,2.862,2.644,3.239,2.777,1.83,8.114,4.507,0.182,1.106,0.741,19.029,0.957,0
HIST_0249,2.12,14.724,3.752,6.607,7.008,5.708,1.561,5.08,4.386,0.379,1.407,0.748,15.088,1.037,1
HIST_0250,1.271,6.793,2.904,5.857,6.385,5.989,1.57,5.474,4.267,0.304,1.335,0.754,14.966,1.01,1
HIST_0251,1.655,7.821,2.873,6.87,7.44,7.057,1.893,10.607,4.042,0.368,1.407,0.762,21.564,1.039,1
HIST_0252,2.144,13.339,3.604,4.946,5.528,5.014,1.741,8.323,4.659,0.305,1.344,0.769,18.998,1.0,1
HIST_0253,1.681,7.474,2.936,8.256,9.387,7.888,1.671,7.665,2.351,0.434,1.495,0.776,16.945,1.071,1
HIST_0254,1.942,22.097,4.8,8.592,9.385,8.065,1.85,7.209,2.458,0.459,1.633,0.783,14.812,1.072,1
HIST_0255,1.49,7.672,3.068,7.12,7.875,7.273,1.839,8.509,8.509,0.377,1.445,0.789,21.692,1.038,1
HIST_0256,2.186,14.498,3.814,3.502,4.267,2.832,1.825,7.596,7.596,0.225,1.293,0.797,16.905,0.963,0
HIST_0257,2.137,16.789,4.123,8.515,9.172,8.784,1.747,8.092,8.092,0.463,1.673,0.803,16.969,1.075,1
HIST_0258,1.774,9.143,3.183,4.549,5.76,4.479,1.672,6.039,3.744,0.268,1.321,0.81,13.199,0.977,0
HIST_0259,1.845,9.077,3.453,5.083,5.899,4.969,1.837,5.896,4.778,0.294,1.346,0.816,13.314,0.991,1
HIST_0260,2.251,16.053,4.068,8.02,8.989,7.745,1.668,5.529,4.563,0.432,1.658,0.823,13.393,1.05,1
HIST_0261,2.231,22.125,4.843,7.921,8.571,8.165,1.671,6.217,4.29,0.414,1.581,0.83,11.638,1.049,1
HIST_0262,1.769,8.626,3.44,5.025,5.912,5.483,1.628,6.203,4.377,0.274,1.405,0.837,11.86,0.976,1
HIST_0263,1.833,8.388,3.223,9.12,10.107,9.675,1.778,6.136,4.818,0.493,1.74,0.844,12.185,1.074,1
HIST_0264,1.766,9.968,3.422,3.937,5.34,3.196,1.65,5.79,4.786,0.267,1.431,0.852,12.145,0.968,0
HIST_0265,1.741,9.177,3.324,6.18,7.177,7.177,1.723,7.415,1.847,0.365,1.522,0.859,14.694,1.012,1
HIST_0266,2.008,9.681,3.533,3.636,4.203,3.622,1.912,7.455,2.477,0.234,1.348,0.866,14.671,0.955,0
HIST_0267,1.739,8.483,3.392,6.301,6.965,5.537,1.648,5.885,2.102,0.377,1.56,0.873,11.157,1.013,1
HIST_0268,1.973,9.378,3.625,4.747,5.401,5.401,1.817,6.128,3.208,0.291,1.493,0.88,11.151,0.981,1
HIST_0269,2.025,9.226,3.42,5.862,6.698,5.414,1.697,6.352,1.932,0.342,1.542,0.886,11.461,1.003,1
HIST_0270,3.155,16.227,4.818,6.905,8.488,6.766,1.635,6.099,2.342,0.408,1.612,0.893,11.769,1.028,1
HIST_0271,1.762,9.812,3.538,6.798,7.461,7.01,1.796,6.585,2.097,0.361,1.568,0.901,12.054,1.011,1
HIST_0272,1.967,10.863,3.735,1.361,2.235,1.193,1.895,6.759,2.234,0.125,1.221,0.908,12.056,0.902,0
HIST_0273,1.764,9.32,3.668,5.896,6.707,4.602,1.94,6.614,3.231,0.346,1.629,0.915,12.103,1.0,1
HIST_0274,1.768,9.259,3.698,7.443,8.785,7.663,1.655,6.285,3.019,0.447,1.765,0.922,12.17,1.038,0
HIST_0275,2.321,24.344,5.373,10.135,10.698,10.103,1.681,6.291,2.341,0.536,1.958,0.929,12.518,1.082,1
HIST_0276,2.7,24.359,5.784,6.312,6.967,5.414,1.89,6.61,2.523,0.38,1.654,0.936,12.683,1.006,1
HIST_0277,2.505,15.645,4.441,6.746,7.57,7.131,1.827,6.676,2.796,0.375,1.657,0.943,12.603,1.012,1
HIST_0278,2.598,14.224,4.05,7.949,9.445,7.821,1.811,7.071,1.885,0.449,1.779,0.949,10.416,1.035,1
HIST_0279,2.686,15.891,4.492,4.57,5.577,4.559,1.766,6.617,3.16,0.304,1.55,0.955,10.426,0.968,1
HIST_0280,0.451,14.986,2.801,2.439,3.209,2.014,0.364,3.464,3.068,0.115,0.275,0.0,10.493,1.068,0
HIST_0281,0.68,15.355,2.79,-1.322,-0.631,-1.068,0.341,2.846,2.846,-0.042,0.075,0.006,10.807,0.971,0
HIST_0282,0.222,12.857,2.441,-1.34,-0.271,-1.205,0.467,3.802,3.249,-0.048,0.091,0.013,10.923,0.97,0
HIST_0283,0.326,13.655,2.587,0.857,1.396,0.829,0.507,4.32,3.919,0.052,0.186,0.021,10.975,1.023,0
HIST_0284,-0.155,1.078,0.691,0.172,1.13,-0.783,0.426,3.15,3.082,0.015,0.124,0.028,10.835,1.005,0
HIST_0285,0.297,14.528,2.775,-0.571,0.231,-1.475,0.366,3.478,3.111,-0.031,0.063,0.034,10.747,0.986,0
HIST_0286,1.545,15.478,4.508,-0.268,0.046,0.046,0.296,3.368,3.009,-0.044,0.058,0.042,10.876,0.982,0
HIST_0287,0.511,14.152,2.656,1.258,1.759,1.369,0.273,3.102,2.388,0.067,0.179,0.05,10.94,1.031,0
HIST_0288,-0.072,1.199,0.79,1.964,2.384,1.771,0.409,3.911,2.988,0.092,0.185,0.057,11.144,1.049,0
HIST_0289,-0.069,1.117,0.624,-0.049,0.464,0.402,0.515,3.889,3.1,-0.002,0.125,0.064,11.357,1.0,0
HIST_0290,0.127,1.491,0.917,-0.079,0.848,0.848,0.356,3.848,3.848,-0.001,0.068,0.071,11.253,1.004,0
HIST_0291,0.711,14.744,2.712,2.199,2.932,2.38,0.271,3.934,3.082,0.096,0.188,0.078,11.588,1.058,0
HIST_0292,-0.25,1.125,0.75,0.771,1.214,1.1,0.365,3.932,3.034,0.032,0.158,0.084,11.655,1.019,0
HIST_0293,0.556,14.625,2.74,1.186,1.755,1.755,0.655,8.524,3.075,0.038,0.159,0.092,15.864,1.028,0
HIST_0294,-0.094,1.813,0.759,-0.855,-0.135,-0.135,0.525,7.883,2.728,-0.036,0.106,0.098,15.978,0.981,0
HIST_0295,0.154,1.272,0.677,-2.81,-1.902,-2.098,0.546,7.51,3.626,-0.099,0.028,0.105,15.966,0.937,0
HIST_0296,0.715,14.94,2.731,-0.949,-0.515,-1.045,0.689,7.77,3.541,-0.039,0.091,0.111,21.1,0.975,0
HIST_0297,-0.019,1.568,0.928,4.472,5.125,3.877,0.521,4.401,3.422,0.193,0.291,0.118,13.59,1.097,0
HIST_0298,-0.283,1.448,0.722,-3.097,-2.175,-2.879,0.412,4.403,2.529,-0.118,-0.044,0.125,13.58,0.922,0
HIST_0299,0.262,13.507,2.618,-2.228,-1.625,-1.625,0.503,3.405,2.563,-0.085,0.037,0.132,13.568,0.947,0
HIST_0300,0.764,16.47,3.038,2.013,2.702,2.702,0.436,4.201,2.537,0.108,0.214,0.139,13.492,1.049,0
HIST_0301,0.407,15.264,2.836,0.341,0.655,0.536,0.596,4.262,2.698,0.022,0.101,0.145,13.659,1.011,0
HIST_0302,0.116,1.642,0.982,-0.313,0.045,-0.355,0.493,4.12,2.419,-0.025,0.099,0.152,11.658,0.992,0
HIST_0303,-0.028,1.601,0.74,-1.414,-0.455,-1.616,0.482,4.124,2.629,-0.043,0.024,0.158,11.747,0.971,0
HIST_0304,0.55,15.531,2.864,-0.945,-0.367,-1.346,0.427,3.775,2.849,-0.046,0.025,0.165,11.587,0.98,0
HIST_0305,0.262,2.424,0.803,-3.508,-2.845,-4.236,0.51,4.664,2.146,-0.153,-0.061,0.172,11.792,0.914,0
HIST_0306,-0.231,1.984,1.086,-0.418,0.283,-0.654,0.425,4.415,3.011,-0.0,0.141,0.179,11.777,0.991,0
HIST_0307,0.77,16.048,2.916,0.578,1.736,0.006,0.579,4.437,2.842,0.026,0.138,0.186,12.006,1.01,0
HIST_0308,0.036,2.526,0.924,0.157,0.382,-0.404,0.371,4.356,2.466,0.044,0.202,0.193,12.171,1.009,0
HIST_0309,0.604,16.103,2.99,0.334,1.023,1.001,0.467,3.353,3.353,0.07,0.175,0.199,10.11,1.022,0
HIST_0310,0.553,15.024,2.857,-0.92,0.22,-0.508,0.295,3.24,3.24,-0.016,0.122,0.206,10.279,0.975,0
HIST_0311,0.071,1.854,0.942,2.381,3.649,2.02,0.341,3.143,3.143,0.135,0.262,0.215,10.479,1.058,0
HIST_0312,0.314,1.925,0.816,-1.201,-0.687,-0.989,0.392,3.549,3.427,-0.022,0.086,0.222,10.623,0.982,0
HIST_0313,0.046,1.762,0.835,1.588,2.254,0.989,0.319,3.885,3.885,0.086,0.252,0.229,10.768,1.032,0
HIST_0314,0.118,2.027,0.88,1.667,2.586,2.056,0.335,3.221,3.221,0.099,0.2,0.236,10.749,1.047,0
HIST_0315,0.173,2.095,0.785,0.698,1.423,0.07,0.55,3.537,3.152,0.044,0.171,0.242,10.752,1.013,0
HIST_0316,-0.149,1.849,0.879,1.526,2.073,1.906,0.412,3.933,3.574,0.071,0.242,0.25,10.772,1.032,0
HIST_0317,0.641,14.426,2.666,-0.675,-0.249,-1.109,0.376,3.56,3.56,-0.016,0.093,0.256,10.833,0.981,0
HIST_0318,0.201,1.058,0.588,-0.234,0.554,-0.635,0.471,3.594,2.964,-0.011,0.098,0.262,11.051,0.991,0
HIST_0319,-0.068,1.711,1.038,2.427,3.462,2.253,0.282,3.828,3.828,0.119,0.225,0.269,11.282,1.057,0
HIST_0320,0.417,14.721,2.738,0.772,1.694,1.452,0.425,4.276,4.276,0.077,0.196,0.276,11.371,1.027,0
HIST_0321,0.719,14.74,2.666,0.978,1.894,1.303,0.502,3.636,3.636,0.062,0.201,0.283,11.101,1.03,0
HIST_0322,0.454,15.529,2.957,-0.554,0.081,-0.475,0.488,3.52,3.193,-0.009,0.115,0.291,11.054,0.986,0
HIST_0323,0.126,1.985,0.913,3.086,4.812,2.986,0.223,2.868,2.868,0.182,0.323,0.297,11.23,1.08,0
HIST_0324,0.141,1.442,0.82,3.011,4.173,3.44,0.272,3.452,2.654,0.141,0.262,0.304,11.095,1.071,0
HIST_0325,0.344,13.679,2.637,-0.283,0.716,-0.605,0.602,7.515,3.734,-0.027,0.104,0.31,15.591,0.984,0
HIST_0326,0.474,14.23,2.648,-0.891,-0.284,-1.369,0.486,3.94,3.655,-0.008,0.135,0.317,11.921,0.986,0
HIST_0327,0.443,15.321,2.901,1.271,1.793,1.773,0.558,4.357,3.312,0.111,0.235,0.324,12.144,1.04,0
HIST_0328,0.126,2.407,0.95,-0.725,0.269,-0.406,0.477,4.323,3.095,-0.023,0.094,0.33,12.487,0.98,0
HIST_0329,1.017,15.267,3.848,4.051,4.677,4.17,0.536,3.65,3.045,0.17,0.325,0.338,12.468,1.087,0
HIST_0330,0.765,15.363,2.847,-1.981,-1.486,-1.992,0.49,3.988,3.62,-0.061,0.065,0.344,12.69,0.954,0
HIST_0331,0.537,14.441,2.751,-0.024,0.674,-1.035,0.541,4.245,3.133,0.022,0.14,0.351,12.888,0.995,0
HIST_0332,0.221,2.882,0.88,-1.058,0.038,-0.767,0.336,4.385,4.385,-0.009,0.167,0.359,12.86,0.979,0
HIST_0333,0.05,1.556,0.804,-0.655,0.234,-1.317,0.476,3.641,3.641,0.01,0.203,0.366,12.762,0.986,0
HIST_0334,1.28,15.726,3.774,-2.489,-2.121,-2.433,0.505,4.153,3.981,-0.085,0.065,0.373,12.809,0.941,0
HIST_0335,0.931,15.453,2.818,0.632,0.99,0.882,0.556,4.191,4.075,0.014,0.136,0.381,12.925,1.005,0
HIST_0336,0.699,14.992,2.772,-0.061,1.071,-0.905,0.505,3.365,3.365,0.046,0.191,0.387,13.033,1.007,0
HIST_0337,0.388,2.24,0.86,-1.322,-0.289,-1.795,0.581,4.161,3.699,-0.028,0.173,0.394,13.051,0.966,0
HIST_0338,0.431,15.108,2.785,-0.204,0.456,0.047,0.632,8.872,3.948,-0.015,0.111,0.401,19.375,0.979,0
HIST_0339,0.236,1.94,0.761,-1.035,-0.613,-1.337,0.728,8.109,3.655,-0.029,0.141,0.407,18.297,0.964,0
HIST_0340,0.031,2.471,1.032,-1.864,-1.482,-2.099,0.744,7.8,4.301,-0.041,0.157,0.414,18.209,0.965,0
HIST_0341,1.173,16.429,3.889,2.209,2.949,2.949,0.75,8.65,3.995,0.101,0.288,0.419,18.265,1.049,0
HIST_0342,0.065,1.8,0.902,-0.764,0.164,-1.039,0.454,4.345,4.345,-0.001,0.177,0.424,14.269,0.982,0
HIST_0343,0.077,1.649,0.641,-3.371,-2.766,-4.29,0.599,4.623,4.583,-0.123,0.027,0.432,14.587,0.921,0
HIST_0344,0.195,1.824,0.851,5.713,6.264,6.179,0.617,4.352,4.253,0.255,0.519,0.439,14.411,1.133,1
HIST_0345,0.64,15.351,2.868,1.933,3.215,2.757,0.703,4.391,3.967,0.102,0.312,0.446,14.59,1.044,0
HIST_0346,-0.051,1.398,0.648,-0.414,0.801,-0.068,0.58,4.214,4.214,-0.003,0.19,0.452,14.514,0.988,0
HIST_0347,0.636,15.11,2.839,1.128,1.807,1.807,0.469,4.688,3.812,0.102,0.197,0.459,14.574,1.037,0
HIST_0348,0.195,2.017,0.919,-3.091,-2.884,-3.202,0.585,8.157,3.529,-0.092,0.112,0.465,19.476,0.931,0
HIST_0349,-0.044,1.915,0.867,2.114,3.171,1.852,0.893,11.506,3.47,0.141,0.362,0.472,21.679,1.059,1
HIST_0350,0.496,14.398,2.733,1.045,1.743,1.187,0.666,12.317,1.481,0.086,0.272,0.478,19.552,1.025,0
HIST_0351,0.228,1.552,0.842,3.211,4.32,3.893,0.5,7.132,2.117,0.188,0.411,0.485,14.693,1.077,0
HIST_0352,0.24,1.487,0.709,0.34,0.729,0.467,0.677,7.608,1.682,0.05,0.175,0.493,20.441,1.01,0
HIST_0353,0.638,15.246,2.922,-0.799,-0.03,-1.029,0.76,8.493,2.742,0.006,0.194,0.501,20.508,0.991,0
HIST_0354,0.711,14.183,2.639,-2.131,-1.413,-1.413,0.787,8.081,1.541,-0.069,0.143,0.509,20.328,0.949,0
HIST_0355,-0.053,2.362,0.836,-3.085,-2.743,-2.743,0.77,8.697,1.265,-0.101,0.079,0.516,20.507,0.924,0
HIST_0356,0.181,1.915,0.873,1.893,3.093,0.437,0.558,9.666,2.309,0.103,0.297,0.523,18.603,1.045,0
HIST_0357,0.141,2.272,0.892,1.822,2.676,0.966,0.475,4.436,1.197,0.096,0.251,0.531,13.797,1.042,0
HIST_0358,0.989,14.983,2.972,2.429,4.839,1.473,0.696,4.176,2.268,0.134,0.969,0.537,13.905,1.03,0
HIST_0359,1.073,14.412,2.996,1.68,4.163,-0.093,0.916,4.466,2.045,0.132,0.948,0.543,14.004,1.005,0
HIST_0360,0.57,5.652,1.772,3.61,6.808,2.532,0.832,3.868,2.244,0.213,1.071,0.551,12.144,1.048,1
HIST_0361,0.493,4.897,1.647,1.128,3.749,-1.496,0.887,3.903,2.715,0.129,0.99,0.558,12.292,1.003,0
HIST_0362,1.261,13.607,2.99,4.388,6.038,1.477,1.099,3.854,2.184,0.24,1.052,0.565,12.451,1.038,0
HIST_0363,1.287,6.105,2.141,3.729,5.126,4.627,1.145,3.965,2.721,0.218,1.065,0.572,12.488,1.014,1
HIST_0364,1.743,14.586,3.421,3.457,4.898,3.71,1.519,10.216,3.434,0.194,1.054,0.579,18.862,1.006,0
HIST_0365,2.998,15.54,4.737,-0.246,0.83,-0.721,1.626,8.949,8.949,0.038,0.77,0.586,23.29,0.912,0
HIST_0366,2.153,19.353,4.637,1.184,1.564,0.573,1.685,8.902,7.734,0.115,0.904,0.593,22.202,0.946,0
HIST_0367,1.134,5.974,2.328,3.547,4.525,3.181,1.622,7.725,7.479,0.197,1.044,0.6,22.309,0.989,0
HIST_0368,1.716,20.141,4.132,2.745,3.561,2.7,1.499,7.824,7.824,0.191,1.023,0.607,18.349,0.976,1
HIST_0369,1.738,15.318,3.55,5.685,6.688,5.809,1.333,4.276,3.314,0.316,1.13,0.615,10.557,1.034,1
HIST_0370,1.079,6.551,2.489,2.576,3.341,2.333,1.321,4.558,2.292,0.184,1.009,0.622,8.666,0.973,0
HIST_0371,2.036,14.439,3.48,4.755,5.605,5.605,1.256,4.455,1.732,0.254,1.092,0.629,8.624,1.012,1
HIST_0372,1.344,6.892,2.686,4.999,5.532,5.17,1.279,4.35,2.773,0.268,1.132,0.636,8.358,1.016,1
HIST_0373,1.39,7.202,2.73,4.942,5.983,5.679,1.561,8.507,1.79,0.28,1.142,0.641,20.183,1.017,1
HIST_0374,1.812,13.852,3.627,4.996,5.687,4.397,1.651,7.897,1.707,0.279,1.174,0.648,19.721,1.021,1
HIST_0375,1.55,7.3,2.58,4.341,5.055,4.25,1.632,8.656,2.203,0.253,1.124,0.655,19.653,1.008,1
HIST_0376,1.33,6.57,2.664,4.319,5.288,3.712,1.503,8.437,1.379,0.274,1.145,0.661,19.362,1.003,0
HIST_0377,1.797,13.951,3.329,3.762,4.866,4.866,1.338,4.831,1.876,0.214,1.105,0.668,11.537,0.985,1
HIST_0378,1.45,6.71,2.491,5.238,6.211,5.684,1.364,4.392,2.106,0.29,1.29,0.674,11.644,1.013,1
HIST_0379,1.421,6.903,2.701,6.213,6.94,6.101,1.205,4.559,1.707,0.348,1.262,0.682,7.638,1.036,1
HIST_0380,1.18,7.517,2.921,7.024,7.631,7.193,1.307,4.538,1.522,0.388,1.409,0.688,7.629,1.058,1
HIST_0381,1.63,7.446,2.838,4.954,5.63,3.907,1.23,5.262,1.52,0.278,1.216,0.696,7.691,1.011,1
HIST_0382,1.096,7.231,2.91,7.686,8.784,8.587,1.224,5.05,1.411,0.418,1.462,0.703,8.071,1.072,1
HIST_0383,1.615,7.54,2.901,3.096,3.839,3.4,1.273,5.223,1.567,0.211,1.077,0.709,8.28,0.975,0
HIST_0384,1.144,6.441,2.784,2.054,2.957,1.216,1.26,4.996,2.075,0.166,1.166,0.717,8.217,0.949,0
HIST_0385,1.749,14.982,3.776,5.13,6.092,4.494,1.279,4.992,1.411,0.287,1.287,0.724,8.231,1.007,1
HIST_0386,1.399,7.53,2.867,4.362,5.241,4.31,1.504,5.581,1.76,0.274,1.306,0.73,8.119,0.996,1
HIST_0387,2.125,15.724,3.755,2.738,3.393,2.678,1.488,5.109,2.26,0.185,1.126,0.738,8.481,0.958,0
HIST_0388,2.778,15.773,5.126,3.919,4.367,4.197,1.385,5.743,2.232,0.259,1.288,0.745,8.493,0.987,0
HIST_0389,1.729,7.671,2.744,6.12,7.396,5.996,1.552,5.091,2.236,0.371,1.4,0.751,8.605,1.039,1
HIST_0390,2.184,14.172,3.755,5.454,6.417,5.069,1.355,5.222,1.14,0.31,1.354,0.759,8.815,1.008,1
HIST_0391,1.734,8.553,3.362,3.779,4.764,4.764,1.411,5.851,1.417,0.249,1.255,0.767,8.952,0.979,1
HIST_0392,2.213,14.539,4.008,2.822,3.473,2.368,1.46,5.688,1.864,0.203,1.158,0.775,9.028,0.952,0
HIST_0393,1.588,8.124,2.94,3.347,3.637,3.418,1.61,5.772,2.154,0.205,1.249,0.782,8.872,0.954,0
HIST_0394,1.942,16.472,3.974,4.667,5.755,5.755,1.508,5.797,1.908,0.294,1.372,0.788,9.176,0.999,1
HIST_0395,2.101,16.255,4.126,6.064,6.634,6.16,1.508,5.662,1.688,0.346,1.384,0.795,9.332,1.022,1
HIST_0396,2.125,14.556,4.046,10.273,10.993,10.598,1.581,5.57,2.035,0.541,1.81,0.802,9.331,1.106,1
HIST_0397,1.852,9.298,3.103,7.703,8.981,7.726,1.418,5.551,1.438,0.446,1.636,0.809,9.351,1.056,1
HIST_0398,2.163,14.666,3.837,2.413,3.107,3.036,1.561,5.597,1.896,0.167,1.17,0.817,9.569,0.939,0
HIST_0399,1.713,8.146,3.207,4.043,4.882,3.776,1.601,6.204,1.773,0.24,1.337,0.824,9.599,0.971,0
HIST_0400,1.72,7.891,3.089,2.234,2.546,2.33,1.642,5.789,2.406,0.157,1.252,0.832,9.747,0.934,0
HIST_0401,2.455,16.226,4.103,4.989,6.533,4.552,1.935,9.413,2.06,0.29,1.374,0.84,16.623,0.989,1
HIST_0402,2.977,15.452,4.488,6.082,6.642,6.513,1.737,8.257,2.328,0.343,1.528,0.846,15.274,1.013,1
HIST_0403,1.944,7.958,3.103,9.537,10.377,9.94,1.909,7.854,1.715,0.494,1.672,0.853,15.307,1.077,1
HIST_0404,2.887,14.527,4.284,7.536,8.241,8.173,1.717,5.905,2.434,0.413,1.574,0.86,11.286,1.04,1
HIST_0405,2.292,15.739,4.326,6.275,7.311,6.219,1.844,6.532,2.01,0.339,1.522,0.867,11.523,1.011,1
HIST_0406,1.803,8.615,3.594,6.835,7.524,7.397,1.708,5.608,2.208,0.377,1.538,0.874,11.543,1.024,1
HIST_0407,2.3,22.249,4.834,7.442,7.989,7.633,1.934,9.709,2.284,0.41,1.682,0.88,18.778,1.041,1
HIST_0408,1.784,9.29,3.656,4.717,5.396,4.197,1.925,8.079,2.362,0.289,1.404,0.888,16.789,0.981,0
HIST_0409,2.69,23.047,4.849,7.258,8.197,7.695,2.145,14.587,1.817,0.424,1.643,0.894,20.631,1.032,1
HIST_0410,1.987,8.964,3.596,5.981,6.403,6.006,1.853,7.961,1.872,0.343,1.57,0.901,14.888,1.002,1
HIST_0411,2.367,14.775,4.264,6.598,7.005,6.396,1.953,8.456,2.271,0.369,1.55,0.907,14.83,1.012,1
HIST_0412,1.813,8.838,3.691,4.392,5.909,3.86,1.705,6.547,2.44,0.268,1.449,0.914,10.973,0.972,1
HIST_0413,2.633,14.876,4.095,6.375,7.042,5.824,1.902,7.294,2.249,0.382,1.592,0.923,11.184,1.015,1
HIST_0414,2.202,9.97,3.53,4.361,4.943,4.648,1.725,6.49,2.534,0.283,1.465,0.929,11.185,0.969,1
HIST_0415,1.993,9.666,3.47,5.68,6.064,5.324,2.041,10.424,10.424,0.325,1.577,0.936,18.827,0.995,1
HIST_0416,2.413,14.3,4.43,6.881,7.912,7.057,1.938,7.593,7.593,0.4,1.703,0.944,17.094,1.015,1
HIST_0417,2.808,23.666,6.342,6.717,7.655,7.162,1.826,6.971,3.851,0.395,1.66,0.952,11.23,1.017,1
HIST_0418,2.13,9.828,3.714,7.78,9.044,6.936,2.124,10.436,4.03,0.427,1.758,0.959,18.993,1.033,1
HIST_0419,2.716,15.475,4.391,8.498,9.124,8.516,2.047,8.693,2.348,0.466,1.772,0.965,14.873,1.047,1
HIST_0420,0.236,1.587,0.728,-1.834,-0.474,-0.474,0.402,3.841,2.866,-0.088,0.034,0.0,10.987,0.959,0
HIST_0421,0.489,13.664,2.574,-0.056,0.545,0.489,0.626,8.425,1.869,0.018,0.181,0.006,16.704,1.002,0
HIST_0422,-0.087,1.532,0.762,2.091,3.552,1.343,0.745,8.073,6.672,0.095,0.205,0.013,21.565,1.048,0
HIST_0423,-0.081,1.294,0.631,-0.148,0.398,0.03,0.626,7.875,6.948,-0.02,0.114,0.021,21.609,0.988,0
HIST_0424,1.981,15.777,5.021,0.62,1.495,1.333,0.899,12.455,7.961,0.035,0.123,0.027,25.706,1.017,0
HIST_0425,0.165,1.42,0.808,1.146,1.856,1.179,0.578,7.128,7.128,0.062,0.19,0.035,17.77,1.03,0
HIST_0426,0.121,1.557,0.802,-0.587,0.123,-1.493,0.357,6.878,6.878,-0.008,0.079,0.041,15.626,0.988,0
HIST_0427,0.544,14.401,2.748,0.377,1.567,1.567,0.444,4.512,3.324,0.006,0.124,0.048,12.401,0.999,0
HIST_0428,0.521,14.395,2.683,0.048,1.489,0.011,0.438,4.118,4.109,-0.005,0.124,0.055,12.613,0.999,0
HIST_0429,0.028,1.544,0.902,-1.472,-0.961,-2.078,0.514,4.599,4.286,-0.056,0.047,0.062,12.843,0.968,0
HIST_0430,1.334,15.743,3.884,-0.348,0.419,0.419,0.42,4.06,4.06,-0.019,0.106,0.069,12.929,0.989,0
HIST_0431,-0.075,2.093,0.863,-1.571,-0.311,-2.02,0.393,4.023,4.023,-0.065,0.03,0.076,10.819,0.961,0
HIST_0432,0.467,14.681,2.734,-0.539,0.189,-1.858,0.403,3.328,3.328,0.004,0.106,0.083,10.611,0.997,0
HIST_0433,0.698,15.1,2.768,1.315,2.265,1.14,0.543,8.402,4.311,0.065,0.238,0.088,17.083,1.032,0
HIST_0434,0.615,15.731,2.902,-3.223,-2.059,-3.122,0.566,8.105,4.078,-0.152,-0.056,0.096,16.798,0.92,0
HIST_0435,-0.06,1.593,0.882,1.116,2.849,0.658,0.443,4.525,2.107,0.031,0.148,0.103,10.967,1.022,0
HIST_0436,0.977,15.265,3.614,0.837,1.267,1.267,0.347,4.476,2.416,0.038,0.166,0.109,11.302,1.013,0
HIST_0437,0.663,15.422,2.857,1.506,2.04,2.04,0.461,5.19,2.465,0.072,0.217,0.114,11.273,1.036,0
HIST_0438,0.001,1.694,0.957,-3.491,-3.015,-3.273,0.576,9.034,2.484,-0.159,-0.022,0.122,16.216,0.912,0
HIST_0439,-0.033,1.433,0.738,0.903,1.846,1.846,0.333,4.099,2.932,0.041,0.143,0.128,11.087,1.016,0
HIST_0440,0.041,1.453,0.634,-0.113,1.006,1.006,0.405,3.772,2.179,0.038,0.136,0.135,11.158,1.003,0
HIST_0441,0.553,13.788,2.571,-2.65,-1.78,-3.286,0.546,5.963,5.963,-0.097,0.055,0.141,15.303,0.945,0
HIST_0442,-0.026,1.971,0.619,1.124,1.972,0.776,0.711,7.864,7.216,0.072,0.152,0.148,19.111,1.033,0
HIST_0443,0.095,1.439,0.856,2.456,2.983,2.61,0.418,3.625,3.625,0.109,0.201,0.155,11.92,1.057,0
HIST_0444,0.072,1.44,0.71,0.732,1.639,-0.539,0.424,3.512,2.813,0.044,0.16,0.162,12.022,1.016,0
HIST_0445,0.6,15.468,2.911,-1.294,-0.451,-1.383,0.512,4.368,3.647,-0.039,0.055,0.169,12.216,0.967,0
HIST_0446,1.25,15.594,3.848,0.413,0.936,0.368,0.455,4.126,3.797,0.015,0.103,0.176,12.528,1.003,0
HIST_0447,0.909,14.765,3.677,1.051,1.861,1.106,0.422,3.808,3.625,0.043,0.133,0.183,12.601,1.019,0
HIST_0448,-0.089,0.758,0.643,0.791,1.688,0.364,0.44,4.316,2.829,0.039,0.134,0.19,12.703,1.02,0
HIST_0449,0.844,15.344,2.861,-1.421,-0.711,-0.711,0.757,9.124,3.914,-0.061,0.018,0.197,18.102,0.956,0
HIST_0450,0.489,15.661,2.931,2.419,3.144,1.914,0.518,8.691,3.208,0.119,0.208,0.204,16.998,1.054,0
HIST_0451,0.219,1.629,0.774,-0.02,0.75,-0.317,0.589,8.338,4.049,0.017,0.136,0.211,17.191,1.002,0
HIST_0452,0.567,16.039,2.97,3.483,4.477,2.915,0.809,9.001,9.001,0.155,0.252,0.218,22.504,1.082,0
HIST_0453,1.211,15.428,3.71,-0.201,0.513,-0.552,0.461,4.086,3.603,0.02,0.152,0.225,13.288,0.999,0
HIST_0454,0.407,13.727,2.596,-0.925,-0.131,-0.131,0.68,10.125,4.856,-0.014,0.142,0.233,18.788,0.982,0
HIST_0455,1.339,15.35,4.496,-0.343,0.817,-0.162,0.451,3.972,3.789,-0.015,0.093,0.239,12.949,0.985,0
HIST_0456,0.245,2.148,0.875,-0.414,0.448,-1.026,0.559,5.175,4.426,-0.006,0.133,0.247,12.962,0.983,0
HIST_0457,0.573,15.397,2.835,0.068,0.518,0.518,0.53,4.708,4.708,0.023,0.149,0.255,13.276,1.0,0
HIST_0458,0.02,1.463,0.873,-3.169,-2.02,-3.285,0.284,4.019,2.763,-0.12,0.002,0.262,11.473,0.929,0
HIST_0459,-0.043,1.573,0.949,3.012,3.584,2.703,0.56,4.904,2.845,0.159,0.3,0.269,11.638,1.07,0
HIST_0460,0.776,17.142,3.121,0.367,0.905,0.129,0.424,3.563,2.812,0.009,0.144,0.276,11.784,1.01,0
HIST_0461,0.727,14.611,2.673,1.033,1.617,1.129,0.175,3.702,1.83,0.053,0.193,0.282,9.805,1.021,0
HIST_0462,1.042,15.947,3.955,2.099,3.238,1.685,0.509,3.281,2.885,0.099,0.184,0.289,9.704,1.041,0
HIST_0463,0.089,1.57,0.77,-2.384,-1.87,-2.359,0.456,3.147,2.55,-0.085,0.072,0.295,9.727,0.943,0
HIST_0464,0.459,14.214,2.644,-1.367,-0.355,-1.583,0.39,3.111,1.877,-0.049,0.116,0.301,9.818,0.958,0
HIST_0465,1.304,15.853,3.845,-1.225,-0.412,-1.794,0.372,3.341,3.341,-0.033,0.065,0.308,9.823,0.977,0
HIST_0466,0.405,15.41,2.898,-2.151,-1.401,-1.401,0.361,3.452,1.734,-0.072,0.065,0.314,9.896,0.945,0
HIST_0467,1.332,16.296,4.095,0.799,1.298,0.543,0.211,2.538,2.409,0.037,0.177,0.321,9.917,1.01,0
HIST_0468,0.794,16.68,3.007,1.163,1.687,0.47,0.369,2.672,2.672,0.055,0.216,0.329,10.221,1.024,0
HIST_0469,0.107,1.679,0.976,-1.334,-0.596,-1.539,0.394,3.173,2.025,-0.044,0.09,0.335,10.194,0.969,0
HIST_0470,0.533,14.13,2.646,2.242,3.489,0.976,0.583,9.379,2.22,0.132,0.324,0.342,16.626,1.055,0
HIST_0471,0.338,1.921,0.851,-0.593,0.177,-0.924,0.322,3.445,1.469,0.008,0.112,0.349,11.024,0.989,0
HIST_0472,0.001,1.547,0.904,1.637,2.989,1.307,0.322,4.557,2.345,0.086,0.25,0.355,11.265,1.036,0
HIST_0473,0.014,1.074,0.794,2.955,4.077,2.374,0.337,3.116,2.514,0.147,0.304,0.361,9.309,1.071,0
HIST_0474,0.637,16.006,2.923,0.101,0.886,-0.206,0.408,2.574,2.574,0.01,0.153,0.369,9.562,1.002,0
HIST_0475,0.562,13.823,2.619,4.466,5.363,5.029,0.423,3.266,2.785,0.211,0.36,0.375,9.412,1.101,1
HIST_0476,0.877,14.684,3.737,1.616,3.052,1.316,0.6,8.389,2.379,0.097,0.217,0.382,16.339,1.037,0
HIST_0477,0.905,16.141,4.13,-1.225,-0.515,-0.756,0.508,7.947,2.505,-0.03,0.122,0.388,15.57,0.974,0
HIST_0478,-0.274,1.372,0.761,-0.083,0.351,-0.138,0.395,8.145,2.719,0.034,0.103,0.395,15.616,1.003,0
HIST_0479,0.221,2.058,0.9,-2.414,-1.849,-2.475,0.621,7.997,2.405,-0.084,0.061,0.402,15.769,0.942,0
HIST_0480,-0.047,1.175,0.789,-1.446,-0.997,-1.647,0.707,7.985,2.969,-0.033,0.193,0.409,15.82,0.965,0
HIST_0481,-0.001,1.571,0.77,0.685,1.979,1.609,0.779,8.567,2.838,0.068,0.277,0.416,15.709,1.019,0
HIST_0482,-0.028,2.351,0.983,-1.643,-1.195,-1.656,0.648,7.401,3.772,-0.021,0.13,0.423,15.569,0.963,0
HIST_0483,0.075,2.043,0.776,-2.034,-0.886,-0.886,0.516,7.994,2.43,-0.057,0.083,0.43,15.529,0.951,0
HIST_0484,0.076,2.013,0.824,2.072,2.587,2.041,0.777,8.58,2.816,0.126,0.314,0.436,15.767,1.05,0
HIST_0485,0.444,14.422,2.732,-1.662,-0.823,-1.784,0.545,7.541,3.079,-0.058,0.134,0.445,15.751,0.967,0
HIST_0486,0.257,2.161,0.872,1.257,1.748,1.718,0.648,6.757,6.757,0.089,0.233,0.452,16.241,1.028,0
HIST_0487,1.055,15.632,3.815,-0.18,0.763,-1.052,0.451,4.153,4.153,0.017,0.189,0.459,10.716,0.989,0
HIST_0488,1.682,15.943,4.664,0.829,1.28,1.28,0.367,4.604,4.604,0.064,0.237,0.466,10.632,1.022,0
HIST_0489,0.645,17.297,3.209,0.993,1.588,1.588,0.341,3.158,3.158,0.063,0.256,0.474,10.314,1.025,0
HIST_0490,0.559,13.912,2.631,-0.574,0.753,-0.986,0.459,3.845,3.845,0.018,0.19,0.48,10.151,0.99,0
HIST_0491,0.184,1.66,0.675,-0.972,0.681,-0.628,0.402,3.386,3.386,-0.018,0.113,0.487,10.277,0.976,0
HIST_0492,0.297,2.484,0.854,2.119,3.45,3.45,0.437,3.818,3.818,0.118,0.329,0.493,10.391,1.044,0
HIST_0493,0.67,15.853,2.947,4.733,5.499,3.971,0.485,3.566,3.566,0.22,0.452,0.499,10.481,1.105,0
HIST_0494,0.215,1.919,0.859,0.686,1.648,-0.042,0.531,3.541,3.541,0.05,0.2,0.506,10.503,1.009,0
HIST_0495,0.131,1.841,0.921,-1.06,-0.335,-1.544,0.482,3.309,3.309,-0.059,0.082,0.511,10.592,0.961,0
HIST_0496,1.057,16.249,4.059,2.332,3.141,0.26,0.517,3.294,3.294,0.15,0.31,0.52,10.466,1.055,0
HIST_0497,0.259,1.841,0.808,-0.242,0.206,-0.435,0.508,3.263,3.263,0.051,0.246,0.526,10.379,1.003,0
HIST_0498,1.449,15.917,3.981,1.369,4.304,-0.02,0.487,3.872,3.21,0.098,0.98,0.534,10.477,1.024,0
HIST_0499,0.478,5.943,1.192,1.049,4.611,0.32,0.58,3.602,3.384,0.088,0.91,0.542,10.207,1.009,0
HIST_0500,0.288,4.688,1.361,1.754,4.582,1.714,0.537,3.78,3.524,0.119,0.99,0.55,10.238,1.031,0
HIST_0501,1.74,16.001,3.978,0.964,3.064,2.775,0.791,4.083,3.109,0.068,0.884,0.557,10.044,0.975,0
HIST_0502,2.178,19.509,4.622,4.011,5.789,4.148,1.039,3.982,3.776,0.224,1.003,0.562,10.137,1.021,1
HIST_0503,0.854,5.779,2.184,4.978,5.853,5.514,1.084,4.557,3.039,0.258,1.099,0.569,10.343,1.038,1
HIST_0504,1.772,15.639,4.245,-1.296,0.045,-1.093,1.319,7.884,3.817,0.003,0.721,0.576,15.191,0.907,0
HIST_0505,1.405,6.898,2.307,4.912,5.651,4.388,1.479,8.284,4.104,0.276,1.092,0.583,15.476,1.02,1
HIST_0506,1.205,7.164,2.559,3.891,4.993,3.076,1.32,4.357,3.076,0.229,1.098,0.589,11.73,1.002,0
HIST_0507,1.318,7.01,2.408,1.956,3.16,2.075,1.304,4.182,3.528,0.145,0.902,0.595,11.814,0.962,0
HIST_0508,1.583,20.781,4.267,4.331,5.243,3.695,1.351,5.102,3.451,0.266,1.109,0.604,11.747,1.013,0
HIST_0509,1.851,20.45,4.189,3.473,4.262,4.133,1.401,4.568,3.606,0.215,1.044,0.61,12.056,0.995,0
HIST_0510,1.135,6.439,2.485,2.147,3.69,2.344,1.483,6.397,3.823,0.159,0.958,0.617,16.267,0.964,0
HIST_0511,1.983,14.716,3.571,4.568,5.457,4.187,1.389,5.808,3.404,0.261,1.146,0.625,15.994,1.008,0
HIST_0512,1.276,6.137,2.532,4.745,5.604,4.766,1.424,6.098,4.392,0.263,1.214,0.631,15.753,1.019,1
HIST_0513,1.74,16.076,3.454,2.203,2.688,1.876,1.526,6.579,3.545,0.152,0.98,0.638,15.737,0.951,0
HIST_0514,1.363,6.793,2.517,6.064,7.266,6.621,1.44,4.583,3.782,0.33,1.19,0.644,12.452,1.041,1
HIST_0515,1.962,15.204,3.721,2.743,3.177,3.177,1.448,4.742,4.136,0.203,1.058,0.652,12.748,0.976,0
HIST_0516,1.318,7.992,2.747,3.032,3.622,3.622,1.56,9.028,3.845,0.189,1.048,0.659,18.971,0.967,0
HIST_0517,1.918,14.543,3.363,2.633,3.442,2.252,1.335,4.765,3.65,0.159,1.001,0.666,13.207,0.959,0
HIST_0518,2.398,21.885,4.969,5.491,6.765,5.479,1.419,5.044,3.567,0.292,1.216,0.673,13.385,1.018,1
HIST_0519,2.009,17.082,4.008,4.486,5.096,4.033,1.414,5.181,3.538,0.249,1.136,0.68,13.499,0.998,0
HIST_0520,2.528,15.586,4.43,3.496,4.049,2.975,1.549,5.072,3.735,0.207,1.198,0.686,11.583,0.977,0
HIST_0521,1.455,7.99,2.961,3.787,4.402,3.824,1.479,5.311,4.389,0.202,1.113,0.694,11.645,0.974,0
HIST_0522,2.224,16.291,4.628,9.284,10.048,9.406,1.568,5.628,3.497,0.482,1.599,0.7,11.489,1.101,1
HIST_0523,1.384,7.182,2.751,3.712,4.402,4.402,1.364,4.757,3.888,0.199,1.147,0.706,11.761,0.974,1
HIST_0524,2.062,14.446,3.703,4.295,5.028,4.748,1.535,5.514,3.724,0.265,1.231,0.713,11.701,0.997,1
HIST_0525,2.583,15.392,4.305,5.156,6.025,3.663,1.534,5.339,4.445,0.283,1.24,0.72,11.929,1.01,1
HIST_0526,1.644,7.774,2.855,4.048,4.695,4.011,1.342,5.427,3.847,0.249,1.184,0.727,10.025,0.988,0
HIST_0527,2.043,22.548,4.681,2.795,3.33,2.878,1.534,5.412,3.024,0.204,1.178,0.733,10.126,0.964,0
HIST_0528,1.808,7.731,2.91,3.774,4.704,4.146,1.49,5.619,3.929,0.23,1.16,0.74,10.281,0.977,0
HIST_0529,1.473,7.676,2.905,7.383,8.258,6.087,1.538,5.252,3.518,0.403,1.491,0.747,10.34,1.055,0
HIST_0530,2.689,21.002,5.198,7.038,8.12,7.236,1.508,5.256,3.332,0.381,1.408,0.753,10.338,1.042,1
HIST_0531,1.999,22.301,4.714,6.464,7.289,6.494,1.559,5.612,3.723,0.36,1.429,0.76,10.102,1.032,1
HIST_0532,1.36,7.953,3.164,3.458,4.324,3.434,1.547,5.601,3.995,0.216,1.206,0.766,10.325,0.969,0
HIST_0533,1.58,8.816,3.175,1.76,2.675,1.972,1.616,5.751,3.807,0.147,1.107,0.772,10.301,0.933,0
HIST_0534,1.324,6.928,2.973,6.445,7.79,7.314,1.504,6.641,4.195,0.365,1.451,0.779,10.478,1.027,1
HIST_0535,1.428,7.829,3.239,3.55,4.376,3.522,1.607,5.871,3.574,0.202,1.311,0.784,10.665,0.952,0
HIST_0536,1.802,8.648,3.243,4.817,5.53,5.53,1.645,6.13,4.227,0.276,1.32,0.791,10.899,0.994,1
HIST_0537,1.795,8.026,3.023,6.003,6.514,5.625,1.48,5.531,3.242,0.33,1.455,0.798,10.705,1.009,1
HIST_0538,2.067,21.422,4.698,4.563,5.272,4.604,1.637,5.962,3.383,0.258,1.268,0.806,10.788,0.983,0
HIST_0539,2.48,14.057,3.827,2.663,3.393,3.393,1.573,6.093,4.121,0.193,1.196,0.813,10.705,0.944,0
HIST_0540,1.582,7.291,2.929,1.384,2.08,1.436,1.675,6.059,4.666,0.115,1.157,0.819,10.694,0.912,0
HIST_0541,2.289,15.509,4.189,3.98,5.076,4.604,1.631,5.898,3.943,0.229,1.294,0.827,10.645,0.965,1
HIST_0542,2.167,14.325,3.966,5.628,6.856,5.097,1.565,5.871,3.777,0.327,1.488,0.833,10.442,1.003,1
HIST_0543,2.067,14.317,4.022,6.75,7.596,7.266,1.605,5.942,4.17,0.368,1.537,0.841,10.643,1.029,1
HIST_0544,2.243,23.033,4.958,7.651,8.426,7.934,1.584,6.536,4.224,0.419,1.628,0.847,10.602,1.048,1
HIST_0545,2.692,21.464,5.316,6.373,6.68,6.267,1.576,6.041,3.624,0.365,1.528,0.855,10.693,1.015,1
HIST_0546,1.911,9.974,3.525,7.455,7.877,7.495,1.713,6.073,3.914,0.413,1.62,0.862,10.821,1.036,1
HIST_0547,2.026,10.164,3.863,8.526,9.538,8.33,1.739,6.018,3.514,0.459,1.676,0.868,10.75,1.064,1
HIST_0548,2.523,14.741,4.037,5.354,5.739,4.899,1.642,6.001,3.676,0.311,1.525,0.875,10.918,0.994,1
HIST_0549,3.478,15.823,5.089,8.016,9.129,7.486,1.707,6.43,4.268,0.427,1.636,0.881,11.025,1.046,1
HIST_0550,3.15,15.837,4.719,6.416,6.946,6.946,1.735,6.654,3.721,0.37,1.61,0.888,11.046,1.018,1
HIST_0551,1.983,8.67,3.33,3.986,5.54,4.233,1.659,6.386,4.087,0.25,1.415,0.895,11.278,0.961,1
HIST_0552,2.633,15.747,4.198,5.229,6.43,4.543,1.88,6.694,4.829,0.311,1.495,0.902,11.474,0.989,1
HIST_0553,2.043,9.947,3.735,7.136,8.038,7.254,1.809,6.51,4.409,0.394,1.688,0.91,11.718,1.027,1
HIST_0554,2.55,23.999,5.297,7.812,8.349,8.067,1.905,6.427,4.637,0.428,1.719,0.917,11.847,1.037,1
HIST_0555,1.971,9.342,3.778,4.093,5.025,5.025,2.309,10.043,10.043,0.264,1.52,0.925,24.061,0.955,1
HIST_0556,2.399,14.735,4.251,6.084,6.421,5.773,1.979,8.417,8.417,0.346,1.531,0.932,17.004,0.997,1
HIST_0557,1.94,9.59,3.628,9.673,10.47,9.792,1.775,6.739,6.739,0.512,1.913,0.94,15.147,1.075,1
HIST_0558,1.915,9.712,3.665,3.237,4.009,4.009,1.711,6.41,3.642,0.222,1.402,0.947,10.988,0.939,0
HIST_0559,2.63,23.818,5.286,6.809,8.681,6.015,1.584,7.008,4.183,0.373,1.648,0.954,11.049,1.012,1
HIST_0560,0.348,15.542,2.919,2.291,3.009,1.915,0.326,4.842,4.842,0.113,0.219,0.0,11.242,1.059,0
HIST_0561,0.03,1.647,0.939,-0.191,1.129,-0.652,0.248,4.039,4.039,-0.001,0.13,0.008,11.515,0.996,0
HIST_0562,-0.079,1.465,0.779,-0.059,0.211,0.138,0.473,4.461,4.461,0.045,0.161,0.014,11.676,1.01,0
HIST_0563,0.636,15.542,2.852,-1.215,-0.579,-1.353,0.185,2.598,1.774,-0.057,0.045,0.022,9.672,0.977,0
HIST_0564,0.115,2.078,0.9,0.35,1.421,-0.046,0.326,3.347,2.217,0.01,0.087,0.03,9.686,1.006,0
HIST_0565,-0.062,1.381,0.645,1.172,2.168,0.839,0.195,3.127,1.475,0.08,0.188,0.037,9.649,1.034,0
HIST_0566,0.218,1.44,0.662,-0.32,0.099,-0.248,0.302,3.474,1.696,-0.013,0.068,0.044,9.743,0.988,0
HIST_0567,0.152,2.585,1.0,-2.164,-1.512,-2.711,0.307,3.114,2.335,-0.094,-0.015,0.052,10.061,0.953,0
HIST_0568,-0.106,1.072,0.704,0.095,0.894,-0.894,0.393,3.243,2.468,0.01,0.126,0.059,10.04,1.006,0
HIST_0569,-0.119,1.622,0.843,-1.512,-0.769,-1.281,0.376,3.833,2.565,-0.08,0.003,0.066,10.153,0.955,0
HIST_0570,1.403,15.629,4.524,-0.995,-0.574,-1.511,0.531,3.679,2.36,-0.034,0.051,0.074,10.256,0.978,0
HIST_0571,0.595,14.458,2.685,0.721,1.246,0.739,0.338,2.864,2.352,0.046,0.156,0.08,10.431,1.026,0
HIST_0572,-0.054,1.681,0.788,-0.268,0.601,0.548,0.342,2.919,1.868,-0.002,0.087,0.087,10.385,0.999,0
HIST_0573,-0.038,1.61,0.848,-0.759,-0.337,-0.337,0.497,3.643,2.365,-0.048,0.105,0.095,10.515,0.977,0
HIST_0574,-0.139,1.255,0.727,-1.591,-1.183,-2.567,0.447,3.978,1.731,-0.06,0.065,0.102,10.51,0.964,0
HIST_0575,0.179,1.739,0.908,-1.228,-0.587,-1.079,0.228,4.304,2.527,-0.058,0.046,0.11,10.597,0.966,0
HIST_0576,-0.023,1.989,0.706,-2.061,-0.528,-3.084,0.423,3.34,2.514,-0.093,0.007,0.117,10.716,0.953,0
HIST_0577,0.975,15.315,3.853,-0.915,0.673,-0.901,0.511,3.887,2.083,-0.019,0.114,0.126,10.884,0.98,0
HIST_0578,0.456,14.183,2.629,0.746,1.449,0.228,0.362,4.0,2.022,0.027,0.135,0.133,10.972,1.009,0
HIST_0579,0.604,16.288,3.017,-0.474,0.676,0.43,0.403,4.133,2.723,0.009,0.112,0.139,11.018,0.991,0
HIST_0580,0.017,1.649,0.754,-1.359,-0.882,-1.458,0.262,3.792,1.398,-0.065,-0.007,0.146,11.374,0.969,0
HIST_0581,0.669,14.712,2.693,1.804,2.829,1.028,0.356,3.452,2.176,0.103,0.226,0.153,11.712,1.046,0
HIST_0582,0.442,16.127,3.014,-2.411,-1.524,-2.692,0.504,4.433,2.478,-0.091,-0.008,0.16,11.673,0.951,0
HIST_0583,0.136,1.221,0.637,0.905,1.728,1.728,0.398,3.669,2.476,0.051,0.144,0.168,11.822,1.025,0
HIST_0584,0.122,2.528,0.861,-0.357,0.59,0.59,0.76,9.18,2.632,-0.018,0.115,0.176,17.592,0.983,0
HIST_0585,0.135,1.925,0.857,0.521,1.518,-0.592,0.65,8.083,2.288,0.061,0.13,0.184,16.157,1.023,0
HIST_0586,0.774,15.354,2.798,-1.314,-0.472,-1.557,0.588,7.771,2.539,-0.06,0.055,0.191,16.166,0.967,0
HIST_0587,0.849,15.057,3.864,-1.393,-0.495,-1.462,0.514,7.834,2.581,-0.046,0.083,0.198,16.196,0.967,0
HIST_0588,0.045,1.534,0.676,1.053,2.39,2.39,0.627,8.184,1.925,0.052,0.158,0.205,16.209,1.025,0
HIST_0589,0.053,1.043,0.554,1.414,1.982,1.01,0.53,7.796,2.477,0.068,0.168,0.211,16.412,1.028,0
HIST_0590,0.288,2.252,0.836,-2.178,-1.722,-2.443,0.772,8.427,1.838,-0.076,0.054,0.217,20.569,0.953,0
HIST_0591,0.142,1.344,0.752,-0.957,-0.38,-1.319,0.736,8.128,1.962,-0.022,0.087,0.223,20.545,0.976,0
HIST_0592,0.574,15.595,2.919,-2.263,-0.906,-2.195,0.799,7.768,2.018,-0.077,0.016,0.23,20.675,0.95,0
HIST_0593,-0.006,2.338,0.813,-2.125,-0.528,-0.528,0.606,7.055,2.138,-0.084,0.011,0.238,16.666,0.949,0
HIST_0594,-0.192,1.173,0.704,-3.455,-2.597,-2.597,0.708,9.296,2.99,-0.139,-0.054,0.245,21.562,0.92,0
HIST_0595,0.25,2.136,0.851,-1.425,-0.699,-1.037,0.671,7.525,2.334,-0.016,0.112,0.251,17.056,0.978,0
HIST_0596,-0.015,1.206,0.651,1.339,1.756,0.949,0.584,7.067,2.888,0.092,0.208,0.258,17.305,1.037,0
HIST_0597,0.89,15.947,2.902,0.431,1.122,1.122,0.629,8.317,1.869,0.023,0.153,0.266,17.658,1.008,0
HIST_0598,0.164,1.813,0.817,-0.437,0.129,-0.403,0.715,10.584,2.305,0.003,0.112,0.273,22.775,0.994,0
HIST_0599,0.047,1.21,0.625,2.045,2.485,2.476,0.828,8.362,3.019,0.122,0.291,0.282,20.059,1.056,0
HIST_0600,-0.056,1.671,0.775,-1.124,-0.727,-0.868,0.603,8.109,2.573,-0.04,0.098,0.289,16.6,0.969,0
HIST_0601,0.543,15.378,2.841,-0.594,0.645,0.645,0.518,8.188,3.002,-0.008,0.146,0.295,16.721,0.987,0
HIST_0602,0.045,2.72,1.032,-0.667,0.9,-0.696,0.515,3.978,2.741,-0.028,0.065,0.303,12.751,0.98,0
HIST_0603,1.302,15.328,3.717,0.765,1.676,0.53,0.553,3.819,2.763,0.057,0.226,0.309,12.825,1.021,0
HIST_0604,0.086,1.833,0.766,-3.087,-2.249,-3.101,0.769,11.369,1.919,-0.129,0.07,0.315,20.06,0.921,0
HIST_0605,0.934,14.566,2.655,-0.653,-0.046,-0.095,0.568,4.114,2.032,-0.004,0.099,0.321,12.905,0.981,0
HIST_0606,1.244,15.828,3.931,0.572,1.748,1.748,0.459,4.048,3.066,0.046,0.234,0.329,10.961,1.004,0
HIST_0607,0.519,14.888,2.746,0.73,1.72,1.72,0.445,4.969,2.458,0.073,0.219,0.336,10.985,1.021,0
HIST_0608,-0.19,1.629,0.726,1.01,1.259,1.249,0.63,4.491,2.836,0.046,0.2,0.343,11.155,1.019,0
HIST_0609,0.008,2.092,0.825,0.429,1.1,0.257,0.39,2.957,2.956,0.071,0.195,0.349,9.28,1.021,0
HIST_0610,1.332,15.938,3.973,1.818,2.889,2.453,0.49,2.791,2.728,0.1,0.278,0.356,9.359,1.036,0
HIST_0611,0.116,1.493,0.828,0.718,1.626,1.626,0.444,3.263,3.263,0.064,0.216,0.363,9.596,1.027,0
HIST_0612,0.624,14.684,2.76,-1.11,-0.28,-0.713,0.465,3.132,2.595,-0.006,0.072,0.37,9.914,0.977,0
HIST_0613,0.078,1.465,0.793,0.219,1.399,-0.151,0.288,3.487,3.487,0.042,0.153,0.377,10.15,1.008,0
HIST_0614,-0.109,1.383,0.77,-1.281,-0.574,-1.217,0.377,2.887,2.887,-0.051,0.074,0.383,10.342,0.969,0
HIST_0615,0.827,14.663,2.68,4.001,4.937,3.421,0.436,3.445,3.445,0.181,0.347,0.389,10.459,1.082,0
HIST_0616,1.065,16.285,3.781,0.366,1.065,0.434,0.431,3.308,3.308,0.047,0.21,0.396,10.6,1.008,0
HIST_0617,0.718,14.019,2.608,5.831,7.132,7.132,0.631,8.329,8.329,0.296,0.498,0.403,16.219,1.138,1
HIST_0618,0.174,2.444,0.753,1.567,2.605,0.826,0.664,7.927,7.927,0.085,0.252,0.409,15.72,1.035,0
HIST_0619,0.761,15.611,2.877,1.981,2.506,1.515,0.634,8.695,8.695,0.111,0.235,0.417,15.883,1.046,0
HIST_0620,0.356,15.471,2.896,-0.319,0.071,-0.02,0.49,4.848,4.848,-0.0,0.125,0.423,12.104,0.985,0
HIST_0621,0.635,15.598,2.868,-1.1,-0.299,-0.755,0.363,3.097,3.097,-0.019,0.15,0.43,12.091,0.976,0
HIST_0622,0.201,1.741,0.666,-2.963,-2.458,-2.977,0.481,3.408,1.489,-0.122,0.04,0.437,10.19,0.923,0
HIST_0623,0.109,2.425,0.906,2.137,2.792,2.346,0.327,2.831,2.217,0.109,0.28,0.444,10.191,1.044,0
HIST_0624,0.287,2.267,1.065,1.286,1.949,1.666,0.447,2.736,2.527,0.072,0.285,0.451,10.028,1.025,0
HIST_0625,0.702,13.702,2.569,-1.226,-0.37,-0.882,0.389,3.767,1.81,-0.039,0.086,0.459,10.081,0.968,0
HIST_0626,0.53,2.193,0.735,-2.13,-0.8,-2.285,0.402,3.12,1.54,-0.073,0.1,0.465,10.087,0.945,0
HIST_0627,0.122,2.284,0.827,-1.609,-1.072,-2.531,0.504,2.704,2.611,-0.049,0.148,0.473,10.167,0.963,0
HIST_0628,-0.094,2.25,0.969,3.047,3.542,2.616,0.668,6.737,6.737,0.155,0.394,0.479,14.56,1.063,0
HIST_0629,0.276,2.187,0.862,0.536,1.289,0.831,0.629,7.729,7.729,0.058,0.252,0.486,14.665,1.016,0
HIST_0630,0.145,2.042,0.756,-0.686,0.125,-1.041,0.481,3.313,3.313,0.016,0.188,0.493,11.527,0.978,0
HIST_0631,0.104,1.949,0.939,-2.289,-1.658,-3.333,0.55,4.002,4.002,-0.072,0.093,0.5,11.723,0.948,0
HIST_0632,0.526,14.893,2.786,-1.112,-0.292,-0.807,0.536,3.554,3.554,-0.003,0.188,0.506,11.766,0.979,0
HIST_0633,0.689,14.961,2.806,2.265,2.71,2.348,0.353,2.926,2.846,0.129,0.288,0.513,11.882,1.05,0
HIST_0634,0.582,16.333,3.053,-1.758,-1.195,-1.877,0.705,7.297,4.271,-0.046,0.111,0.52,16.553,0.961,0
HIST_0635,1.008,14.274,2.548,0.957,2.361,-0.59,0.591,7.622,3.702,0.081,0.275,0.528,16.755,1.023,0
HIST_0636,-0.005,1.867,0.898,1.487,2.509,1.101,0.713,7.246,3.941,0.109,0.32,0.534,16.733,1.033,1
HIST_0637,0.481,4.821,1.22,-0.071,2.189,0.307,0.666,7.871,3.656,0.037,0.785,0.542,16.673,0.99,0
HIST_0638,1.681,16.12,3.99,2.612,6.25,6.25,0.993,8.044,4.273,0.138,1.003,0.55,18.189,1.024,1
HIST_0639,1.173,14.633,2.975,-0.289,2.186,2.186,0.693,4.614,3.297,0.022,0.787,0.558,14.152,0.954,0
HIST_0640,1.13,15.935,3.413,3.238,5.983,4.979,0.91,3.941,3.33,0.191,1.034,0.566,12.278,1.027,1
HIST_0641,1.089,5.936,2.163,2.921,4.605,4.157,1.122,4.498,4.498,0.173,0.969,0.571,12.312,0.991,0
HIST_0642,1.019,6.001,2.091,1.809,3.528,3.056,1.155,4.309,3.716,0.139,0.954,0.578,12.265,0.97,0
HIST_0643,0.952,6.481,2.562,4.239,4.86,4.394,1.235,4.159,3.3,0.247,1.037,0.586,12.381,1.014,1
HIST_0644,1.355,6.653,2.208,4.595,5.309,5.247,1.307,4.69,3.913,0.253,1.08,0.594,12.527,1.014,1
HIST_0645,1.926,19.594,4.014,3.779,5.035,3.587,1.35,4.619,4.619,0.211,0.998,0.6,12.477,0.991,0
HIST_0646,1.408,6.395,2.479,4.125,4.695,4.311,1.571,11.448,4.624,0.235,1.048,0.607,20.16,1.007,1
HIST_0647,2.121,14.47,4.066,3.126,4.148,2.561,1.593,8.778,3.948,0.167,0.985,0.615,17.24,0.971,0
HIST_0648,1.78,16.086,3.638,2.885,3.758,3.758,1.327,4.74,4.482,0.183,1.03,0.621,13.478,0.975,0
HIST_0649,1.322,6.452,2.638,2.625,3.499,3.499,1.344,5.311,3.513,0.182,1.047,0.627,11.544,0.969,0
HIST_0650,1.289,6.323,2.242,4.365,5.238,5.238,1.474,4.88,3.522,0.257,1.096,0.635,11.711,1.0,1
HIST_0651,1.953,14.207,3.337,4.55,5.199,3.267,1.359,4.685,3.905,0.241,1.101,0.643,11.911,1.012,0
HIST_0652,2.328,19.944,4.728,5.79,6.987,5.775,1.346,4.798,3.947,0.333,1.251,0.65,11.789,1.038,1
HIST_0653,2.422,19.245,4.714,4.973,6.294,6.294,1.346,4.867,4.493,0.264,1.134,0.657,12.007,1.014,1
HIST_0654,1.394,6.529,2.571,5.086,6.023,4.667,1.316,4.831,3.775,0.299,1.195,0.664,12.136,1.018,1
HIST_0655,2.04,15.688,3.781,7.089,7.902,7.431,1.361,4.881,2.447,0.361,1.271,0.67,10.027,1.052,1
HIST_0656,2.214,15.546,3.528,3.478,4.317,2.4,1.276,4.867,1.782,0.207,1.069,0.677,9.958,0.984,0
HIST_0657,1.342,7.635,2.656,6.235,7.188,6.737,1.403,5.198,1.967,0.378,1.376,0.683,9.918,1.049,1
HIST_0658,2.153,15.325,3.703,4.884,5.715,4.031,1.219,4.716,2.527,0.275,1.273,0.69,9.885,1.009,1
HIST_0659,1.256,6.339,2.591,4.699,5.39,4.014,1.469,5.487,2.771,0.258,1.211,0.697,10.112,1.001,0
HIST_0660,1.465,7.767,2.875,3.646,4.081,4.081,1.512,5.415,2.283,0.214,1.136,0.703,10.21,0.98,0
HIST_0661,1.118,7.257,2.602,8.115,9.171,8.145,1.406,5.031,2.111,0.446,1.468,0.71,10.16,1.078,0
HIST_0662,1.374,7.2,2.775,3.055,3.797,3.543,1.474,5.567,2.56,0.219,1.168,0.717,10.176,0.967,0
HIST_0663,2.948,14.934,4.81,1.459,2.167,2.167,1.306,5.123,1.856,0.147,1.085,0.724,9.968,0.943,0
HIST_0664,2.238,15.855,3.862,5.026,5.452,5.421,1.486,5.307,3.051,0.306,1.363,0.732,10.059,1.014,1
HIST_0665,1.544,8.188,2.977,4.989,5.408,5.318,1.429,5.084,2.513,0.282,1.286,0.739,9.926,1.009,1
HIST_0666,2.026,15.066,3.964,5.319,6.402,5.422,1.433,5.191,2.336,0.343,1.352,0.747,10.316,1.02,1
HIST_0667,1.479,7.937,2.769,7.359,8.293,6.261,1.52,5.146,3.15,0.378,1.439,0.755,10.453,1.045,1
HIST_0668,1.64,7.782,2.995,4.12,4.889,3.763,1.788,9.599,2.394,0.239,1.235,0.762,18.126,0.986,0
HIST_0669,2.065,14.063,3.78,5.15,6.09,4.194,1.678,6.062,3.113,0.323,1.413,0.769,12.525,1.011,0
HIST_0670,2.197,14.759,3.84,5.448,6.368,5.667,1.821,8.491,2.72,0.294,1.303,0.776,17.251,1.008,1
HIST_0671,1.645,7.785,3.014,6.164,6.751,6.751,1.603,5.766,2.678,0.351,1.444,0.783,12.585,1.022,1
HIST_0672,2.132,13.815,3.883,6.281,7.167,6.472,1.574,5.772,1.782,0.349,1.395,0.789,12.525,1.027,1
HIST_0673,1.671,8.358,3.146,3.907,4.755,3.987,1.664,8.686,2.131,0.234,1.248,0.795,15.598,0.972,0
HIST_0674,2.315,15.628,4.182,4.338,5.682,4.599,1.694,8.341,2.145,0.262,1.24,0.802,14.519,0.986,1
HIST_0675,1.657,8.539,3.154,7.839,9.301,8.644,1.714,8.062,2.111,0.41,1.583,0.808,14.305,1.052,1
HIST_0676,1.67,8.196,3.216,4.915,5.543,5.164,1.649,7.842,2.347,0.289,1.39,0.815,14.363,0.994,1
HIST_0677,2.08,14.878,4.059,7.484,8.067,7.549,1.798,8.569,2.19,0.393,1.495,0.824,14.395,1.036,1
HIST_0678,1.981,9.382,3.094,2.878,3.689,2.535,1.586,8.335,2.012,0.221,1.225,0.83,14.415,0.955,0
HIST_0679,1.594,7.707,3.053,4.843,5.697,4.501,1.931,9.609,2.336,0.3,1.382,0.839,22.044,0.992,1
HIST_0680,2.792,21.487,5.097,3.394,4.194,4.194,1.626,5.828,2.584,0.219,1.298,0.844,12.489,0.954,0
HIST_0681,2.203,22.956,5.014,7.326,7.876,7.212,1.894,8.297,8.297,0.408,1.549,0.851,18.218,1.045,1
HIST_0682,1.827,9.32,3.47,5.273,5.902,5.337,1.835,8.495,8.495,0.315,1.396,0.859,18.331,0.998,1
HIST_0683,1.836,8.685,3.362,7.216,8.35,7.245,2.072,14.69,14.69,0.395,1.568,0.866,23.343,1.033,1
HIST_0684,3.132,22.808,5.515,1.782,2.326,1.628,1.742,6.417,3.91,0.147,1.233,0.872,12.381,0.915,0
HIST_0685,1.945,9.68,3.679,6.483,7.509,6.63,1.795,6.56,1.888,0.386,1.585,0.88,10.461,1.025,1
HIST_0686,2.36,23.038,5.082,2.691,3.358,2.766,1.746,9.193,1.445,0.205,1.35,0.886,17.437,0.938,0
HIST_0687,2.374,14.847,3.901,3.562,4.549,4.549,1.902,8.419,1.988,0.228,1.35,0.893,16.179,0.956,1
HIST_0688,1.749,8.659,3.4,4.263,4.758,4.758,1.89,7.973,1.707,0.271,1.44,0.901,15.985,0.969,1
HIST_0689,2.957,14.884,4.602,6.37,7.117,5.985,1.82,8.525,1.825,0.345,1.606,0.908,13.97,1.007,1
HIST_0690,1.771,8.418,3.532,6.096,6.697,5.815,1.86,8.083,1.658,0.334,1.558,0.915,13.993,1.001,1
HIST_0691,1.789,9.231,3.475,4.913,5.455,5.048,1.73,6.705,1.535,0.312,1.506,0.921,10.225,0.978,1
HIST_0692,1.806,10.341,3.708,8.37,9.61,7.939,1.814,6.573,2.28,0.462,1.717,0.929,10.076,1.055,1
HIST_0693,2.037,9.463,3.679,6.414,6.998,6.106,1.769,6.712,1.988,0.368,1.58,0.936,10.116,1.011,0
HIST_0694,2.501,13.851,4.182,4.54,4.979,4.889,1.757,6.222,1.972,0.283,1.564,0.942,10.315,0.969,1
HIST_0695,1.788,8.864,3.471,4.865,5.757,5.151,1.805,6.369,2.77,0.301,1.605,0.95,10.424,0.974,1
HIST_0696,2.228,9.24,3.442,4.318,5.265,3.955,1.845,6.689,2.157,0.276,1.471,0.957,10.537,0.96,0
HIST_0697,2.333,13.861,4.134,6.332,6.874,6.467,1.85,6.857,2.281,0.369,1.638,0.964,10.514,1.0,1
HIST_0698,2.076,9.255,3.721,8.61,10.164,8.943,1.681,6.939,2.041,0.464,1.888,0.971,8.579,1.054,1
HIST_0699,2.421,23.608,5.321,3.03,3.922,3.328,1.772,6.562,1.891,0.206,1.458,0.977,8.525,0.929,0
HIST_0700,0.003,1.042,0.693,0.391,1.042,-0.384,0.409,3.041,3.041,0.013,0.121,0.0,8.577,1.002,0
HIST_0701,-0.083,1.127,0.744,-0.18,0.841,-1.351,0.178,2.304,2.304,-0.019,0.111,0.008,8.496,0.998,0
HIST_0702,0.092,1.45,0.606,3.207,4.211,3.285,0.163,2.377,1.716,0.16,0.295,0.016,8.719,1.08,0
HIST_0703,0.1,1.619,0.733,-0.999,0.021,-1.968,0.404,2.949,2.249,-0.049,0.064,0.023,8.995,0.971,0
HIST_0704,1.001,15.761,3.993,0.125,0.937,-0.208,0.439,2.797,2.701,-0.003,0.115,0.03,9.266,1.001,0
HIST_0705,0.441,14.8,2.745,-0.829,0.381,-0.305,0.229,2.418,2.418,-0.051,0.074,0.036,9.254,0.976,0
HIST_0706,-0.049,1.967,0.901,1.274,1.963,0.834,0.315,2.601,1.641,0.078,0.173,0.043,9.309,1.038,0
HIST_0707,0.562,14.745,2.739,1.233,2.621,0.807,0.273,2.432,2.029,0.048,0.105,0.051,9.529,1.034,0
HIST_0708,-0.066,1.421,0.757,1.153,2.498,-0.337,0.333,2.894,2.004,0.041,0.151,0.057,9.653,1.025,0
HIST_0709,0.505,14.109,2.67,0.929,1.762,1.762,0.426,3.039,2.192,0.029,0.112,0.065,9.522,1.023,0
HIST_0710,0.188,2.513,0.896,-1.34,-0.483,-2.829,0.422,2.927,2.927,-0.039,0.067,0.073,9.762,0.975,0
HIST_0711,0.449,15.918,3.002,0.353,1.101,-0.321,0.441,2.946,2.867,0.026,0.173,0.081,9.762,1.005,0
HIST_0712,-0.073,1.337,0.826,-1.738,-1.144,-1.144,0.222,2.994,2.236,-0.093,-0.011,0.088,9.986,0.953,0
HIST_0713,0.551,15.602,2.947,0.543,1.499,1.039,0.262,2.884,2.046,0.029,0.159,0.094,10.283,1.007,0
HIST_0714,0.003,1.676,0.693,1.472,2.327,1.378,0.3,3.295,1.831,0.063,0.176,0.1,10.279,1.032,0
HIST_0715,-0.048,1.528,0.662,-1.277,-0.694,-1.489,0.328,3.044,2.981,-0.059,0.116,0.107,10.675,0.971,0
HIST_0716,-0.048,1.752,0.668,2.247,3.379,2.267,0.457,6.788,2.968,0.088,0.22,0.114,14.453,1.05,0
HIST_0717,-0.175,1.499,0.598,-0.079,1.108,0.503,0.562,6.447,3.018,0.008,0.113,0.121,14.5,0.997,0
HIST_0718,0.695,16.224,2.957,1.519,2.132,1.037,0.865,8.065,2.464,0.088,0.195,0.128,25.141,1.044,0
HIST_0719,-0.05,1.741,0.828,0.505,1.476,-0.293,0.904,12.221,2.622,0.04,0.177,0.135,26.17,1.013,0
HIST_0720,0.261,2.022,0.749,0.163,1.185,-0.145,0.737,7.984,3.009,0.002,0.093,0.142,22.313,1.0,0
HIST_0721,0.015,2.347,0.883,1.202,2.511,0.372,0.697,7.626,2.846,0.059,0.206,0.149,18.519,1.027,0
HIST_0722,-0.231,1.686,0.928,-0.565,0.323,-0.201,1.042,15.591,8.569,0.005,0.115,0.156,31.539,0.99,0
HIST_0723,0.12,1.596,0.812,-1.235,-0.663,-1.581,0.692,8.03,3.675,-0.05,0.048,0.162,19.825,0.971,0
HIST_0724,0.165,1.974,0.881,-1.42,-0.588,-0.884,0.637,13.649,1.693,-0.065,0.07,0.168,21.68,0.962,0
HIST_0725,-0.018,2.085,0.635,-0.29,0.625,-0.215,0.411,8.022,1.721,0.012,0.165,0.175,16.164,1.001,0
HIST_0726,0.204,2.189,0.62,2.185,3.034,2.882,0.387,4.211,1.874,0.097,0.192,0.181,10.069,1.054,0
HIST_0727,-0.218,1.384,0.821,-1.052,-0.325,-1.202,0.306,2.51,2.51,-0.037,0.071,0.189,8.107,0.976,0
HIST_0728,0.307,1.791,0.733,-0.619,0.463,-0.141,0.439,3.044,1.788,-0.045,0.063,0.197,8.271,0.974,0
HIST_0729,1.12,15.065,3.784,2.975,3.296,3.022,0.413,2.801,2.801,0.136,0.27,0.203,8.536,1.065,0
HIST_0730,0.031,1.922,0.799,-1.099,0.043,0.043,0.27,2.387,1.652,-0.026,0.09,0.211,8.471,0.967,0
HIST_0731,0.595,17.066,3.144,1.206,2.008,2.008,0.361,2.556,2.556,0.061,0.21,0.218,8.595,1.03,0
HIST_0732,0.422,14.593,2.738,-0.948,-0.09,-0.736,0.212,1.953,1.953,-0.023,0.08,0.225,8.712,0.979,0
HIST_0733,0.072,1.631,0.836,-0.428,1.322,1.322,0.271,2.644,1.967,0.004,0.123,0.232,9.012,0.989,0
HIST_0734,0.515,15.097,2.831,1.281,2.024,0.746,0.352,3.681,1.617,0.082,0.189,0.239,9.15,1.036,0
HIST_0735,0.442,13.409,2.518,-2.72,-1.6,-3.471,0.46,2.851,1.905,-0.105,0.067,0.246,9.35,0.929,0
HIST_0736,0.167,1.705,1.032,-1.014,-0.5,-1.088,0.345,2.864,1.581,-0.017,0.105,0.253,9.654,0.977,0
HIST_0737,0.145,1.374,0.647,-2.078,-1.502,-2.43,0.631,3.285,2.212,-0.071,0.081,0.261,9.987,0.947,0
HIST_0738,2.117,16.158,5.071,0.23,1.507,-0.405,0.387,3.075,2.571,0.03,0.109,0.267,10.288,1.009,0
HIST_0739,0.673,15.268,2.848,-0.294,0.112,-0.618,0.455,3.265,2.026,0.004,0.129,0.274,10.307,0.986,0
HIST_0740,1.398,15.004,3.691,-0.165,0.457,0.353,0.304,2.84,2.088,0.023,0.176,0.282,10.295,0.999,0
HIST_0741,0.6,16.308,3.06,0.596,1.291,0.525,0.392,3.056,2.248,0.048,0.192,0.288,10.398,1.015,0
HIST_0742,-0.102,2.046,0.966,0.43,0.957,0.527,0.461,2.951,2.667,0.05,0.189,0.295,10.384,1.013,0
HIST_0743,0.66,14.384,2.662,-2.108,-0.923,-2.118,0.306,3.056,1.863,-0.063,0.076,0.303,10.54,0.95,0
HIST_0744,0.323,1.587,0.714,0.687,1.395,0.594,0.367,2.873,1.727,0.047,0.209,0.31,10.569,1.023,0
HIST_0745,0.575,15.231,2.801,-2.03,-1.22,-2.517,0.372,3.272,1.16,-0.074,0.047,0.317,10.678,0.953,0
HIST_0746,-0.061,1.529,0.663,-2.265,-1.824,-1.824,0.403,3.638,1.889,-0.087,0.085,0.323,10.556,0.943,0
HIST_0747,0.054,1.892,0.83,-0.621,0.446,-1.118,0.422,3.534,1.801,-0.029,0.119,0.33,10.66,0.976,0
HIST_0748,0.138,1.752,0.79,-0.825,-0.391,-0.391,0.397,3.423,1.821,-0.026,0.093,0.337,11.098,0.971,0
HIST_0749,0.076,2.241,0.863,1.158,2.137,0.784,0.399,2.979,2.979,0.092,0.207,0.343,11.171,1.029,0
HIST_0750,1.483,14.752,4.404,-0.199,0.34,-0.308,0.461,3.248,2.377,-0.006,0.139,0.351,11.22,0.984,0
HIST_0751,0.311,2.127,0.868,-1.298,-0.934,-1.892,0.32,3.635,2.323,-0.035,0.138,0.358,11.412,0.973,0
HIST_0752,0.249,1.539,0.754,1.793,3.373,2.554,0.601,3.313,2.712,0.099,0.296,0.364,11.747,1.04,0
HIST_0753,-0.106,1.468,0.825,1.978,2.358,1.723,0.401,3.258,2.005,0.12,0.236,0.37,11.682,1.047,0
HIST_0754,-0.159,1.455,0.794,1.935,2.465,2.465,0.313,3.135,2.085,0.105,0.295,0.377,11.699,1.041,0
HIST_0755,0.947,16.289,4.064,-3.254,-2.526,-2.677,0.591,8.386,2.53,-0.14,-0.024,0.384,16.951,0.916,0
HIST_0756,0.12,1.925,0.847,-0.532,0.439,-0.517,0.736,8.131,2.221,0.0,0.124,0.389,16.569,0.985,0
HIST_0757,0.14,1.713,0.795,-0.781,-0.112,-0.311,0.627,7.657,2.086,-0.024,0.118,0.396,16.753,0.976,0
HIST_0758,-0.016,1.858,0.693,-0.489,0.574,-1.729,0.588,7.932,1.596,0.009,0.147,0.403,16.816,0.987,0
HIST_0759,-0.034,1.475,0.604,0.368,0.983,0.983,0.654,8.526,1.612,0.034,0.113,0.41,16.877,1.015,0
HIST_0760,0.567,15.281,2.803,-0.295,0.145,-0.194,0.715,8.026,2.336,0.022,0.173,0.416,16.824,0.99,0
HIST_0761,-0.185,1.239,0.941,0.527,1.075,1.075,0.798,9.85,1.494,0.041,0.203,0.423,23.85,1.007,0
HIST_0762,0.073,1.795,0.862,0.39,0.844,0.682,0.752,7.991,2.713,0.055,0.261,0.429,17.409,1.014,0
HIST_0763,-0.133,1.194,0.749,2.558,3.4,2.445,0.629,8.32,2.91,0.123,0.284,0.437,17.467,1.053,0
HIST_0764,1.17,16.101,3.959,-3.232,-2.155,-3.755,0.565,7.939,2.23,-0.118,0.079,0.445,17.417,0.928,0
HIST_0765,0.825,15.286,2.767,1.567,2.193,1.025,0.968,9.987,2.355,0.101,0.257,0.452,23.525,1.037,0
HIST_0766,1.404,16.872,3.896,0.085,1.176,-0.611,0.539,4.132,2.058,0.065,0.22,0.458,13.17,1.016,0
HIST_0767,0.308,1.975,0.917,0.687,1.348,0.829,0.751,4.512,2.865,0.069,0.248,0.465,13.291,1.025,0
HIST_0768,0.595,15.555,2.894,-2.614,-1.619,-2.531,0.749,8.458,1.993,-0.096,0.087,0.473,17.833,0.932,0
HIST_0769,0.719,16.371,3.011,0.289,1.589,-0.032,0.719,8.258,2.493,0.034,0.228,0.48,17.527,1.003,0
HIST_0770,0.581,14.267,2.652,0.764,1.782,0.158,0.687,7.978,2.486,0.06,0.239,0.488,15.444,1.015,0
HIST_0771,0.101,2.68,1.116,3.136,3.631,2.483,0.73,8.081,2.503,0.17,0.368,0.496,15.715,1.066,0
HIST_0772,0.403,16.282,3.042,0.198,1.138,0.018,0.501,4.014,1.534,0.043,0.283,0.504,11.769,0.999,0
HIST_0773,0.266,2.312,0.904,-1.807,-1.033,-2.046,0.404,3.696,2.192,-0.031,0.2,0.511,11.779,0.963,0
HIST_0774,0.133,1.829,0.859,-0.207,0.461,0.173,0.559,4.368,2.242,0.004,0.269,0.517,11.982,0.987,0
HIST_0775,1.021,16.53,3.961,1.178,1.996,-0.702,0.459,3.843,2.726,0.083,0.297,0.524,12.063,1.026,0
HIST_0776,0.225,2.071,0.794,1.577,2.459,0.997,0.654,7.992,1.606,0.092,0.337,0.532,16.417,1.032,0
HIST_0777,-0.045,1.574,0.891,2.287,2.79,2.201,0.558,8.681,2.511,0.139,0.351,0.54,14.509,1.048,0
HIST_0778,0.391,14.431,2.807,0.694,3.745,3.745,0.654,8.176,8.176,0.083,0.909,0.547,15.321,1.013,0
HIST_0779,1.292,14.293,2.949,0.169,2.881,2.38,0.734,4.034,3.511,0.044,0.897,0.554,11.596,0.968,0
HIST_0780,0.855,5.001,1.837,4.866,6.89,5.643,1.109,4.406,3.615,0.256,1.181,0.562,11.682,1.045,1
HIST_0781,0.801,5.548,2.259,3.829,4.383,3.147,1.203,4.127,3.35,0.189,0.934,0.568,11.798,0.996,0
HIST_0782,1.225,7.072,2.349,3.38,4.247,3.163,1.321,4.207,3.574,0.225,0.988,0.576,11.773,1.003,0
HIST_0783,1.748,15.605,3.579,8.442,9.061,8.438,1.334,4.294,3.512,0.449,1.322,0.583,11.893,1.108,1
HIST_0784,1.358,5.738,2.156,6.8,8.035,7.64,1.17,4.367,3.914,0.372,1.196,0.59,12.115,1.067,1
HIST_0785,1.252,6.781,2.486,3.327,3.86,3.249,1.263,4.391,4.276,0.204,0.983,0.598,10.119,0.987,0
HIST_0786,1.174,6.269,2.473,3.437,4.214,3.446,1.215,4.262,2.952,0.216,1.023,0.605,10.266,0.998,0
HIST_0787,2.385,21.043,4.857,4.903,5.656,4.315,1.358,4.719,4.148,0.235,1.048,0.611,10.253,1.01,1
HIST_0788,1.969,14.447,3.356,2.617,3.73,3.73,1.15,4.49,4.49,0.153,0.943,0.617,10.474,0.961,0
HIST_0789,1.834,16.065,3.583,6.195,7.34,6.433,1.379,4.309,3.513,0.316,1.199,0.624,10.56,1.042,1
HIST_0790,1.924,20.358,4.15,6.727,7.889,6.413,1.318,4.647,3.282,0.346,1.226,0.63,10.851,1.063,0
HIST_0791,1.559,6.93,2.462,4.977,5.299,4.484,1.409,4.864,4.102,0.292,1.124,0.636,11.015,1.02,0
HIST_0792,1.747,15.458,3.613,4.438,5.637,5.637,1.293,4.622,3.501,0.285,1.146,0.643,11.241,1.017,1
HIST_0793,1.792,22.171,4.424,1.895,2.855,1.322,1.156,4.406,3.951,0.145,0.978,0.652,11.246,0.953,0
HIST_0794,1.133,6.746,2.815,8.607,9.448,9.448,1.313,4.617,2.113,0.469,1.439,0.658,9.229,1.098,1
HIST_0795,1.38,6.887,2.632,6.799,7.32,7.074,1.286,4.923,1.741,0.391,1.329,0.666,9.425,1.067,1
HIST_0796,1.707,7.686,2.739,3.082,3.603,3.304,1.429,5.177,2.123,0.216,1.105,0.673,9.623,0.976,0
HIST_0797,1.264,7.785,3.008,3.673,5.548,2.659,1.281,4.958,1.479,0.225,1.135,0.68,9.682,0.98,1
HIST_0798,1.706,21.953,4.602,5.867,6.682,5.543,1.662,8.927,1.498,0.316,1.287,0.687,15.841,1.023,1
HIST_0799,1.93,19.983,4.224,4.676,5.327,4.312,1.496,4.905,1.929,0.252,1.175,0.694,11.362,1.002,1
HIST_0800,2.169,20.362,4.235,7.547,8.084,7.733,1.361,4.883,3.01,0.383,1.361,0.701,9.509,1.063,1
HIST_0801,1.689,20.517,4.305,6.211,7.51,5.212,1.432,5.26,2.33,0.362,1.358,0.708,9.863,1.041,1
HIST_0802,1.713,7.405,2.876,3.713,4.646,2.532,1.443,4.893,2.55,0.216,1.17,0.715,9.953,0.976,0
HIST_0803,2.022,16.544,4.142,7.725,8.438,7.373,1.452,5.164,1.861,0.432,1.508,0.723,10.037,1.072,1
HIST_0804,2.623,15.913,4.511,2.983,3.391,3.265,1.376,4.979,2.564,0.189,1.125,0.73,10.133,0.952,0
HIST_0805,2.49,15.226,4.306,3.954,4.656,2.953,1.476,5.188,3.02,0.216,1.178,0.736,10.324,0.975,0
HIST_0806,1.561,7.006,2.809,5.759,6.275,5.269,1.473,5.485,2.663,0.315,1.319,0.744,10.275,1.018,1
HIST_0807,1.966,14.585,3.745,4.842,6.072,3.83,1.508,5.078,2.895,0.308,1.32,0.751,10.485,1.005,1
HIST_0808,1.388,7.495,2.947,6.134,6.643,6.643,1.648,5.956,2.809,0.359,1.375,0.757,10.933,1.022,1
HIST_0809,2.549,15.224,4.355,2.407,3.599,1.685,1.451,5.276,1.963,0.163,1.113,0.767,11.152,0.943,0
HIST_0810,1.576,7.312,2.802,6.544,7.46,5.464,1.691,5.545,2.946,0.349,1.395,0.775,11.278,1.031,1
HIST_0811,1.915,14.846,4.11,6.162,7.362,6.202,1.453,5.788,3.552,0.348,1.4,0.781,11.53,1.023,1
HIST_0812,2.558,22.023,5.23,8.875,9.299,8.69,1.518,5.326,2.848,0.451,1.539,0.788,11.45,1.075,1
HIST_0813,1.377,8.778,3.293,0.615,1.334,1.009,1.788,10.024,10.024,0.067,1.097,0.794,18.792,0.901,0
HIST_0814,2.377,22.627,4.711,2.372,2.654,2.629,2.084,10.028,8.097,0.134,1.194,0.802,23.51,0.936,0
HIST_0815,1.82,8.882,3.444,3.944,4.824,4.348,1.87,8.307,3.588,0.256,1.257,0.808,18.01,0.975,1
HIST_0816,2.179,15.111,4.109,5.475,5.894,5.576,1.597,5.649,3.61,0.32,1.36,0.815,14.211,1.003,1
HIST_0817,2.435,22.54,4.783,8.302,9.242,7.729,1.716,6.387,3.767,0.436,1.635,0.82,14.074,1.065,1
HIST_0818,2.315,16.57,3.936,3.369,4.322,3.112,1.639,5.924,3.484,0.228,1.298,0.828,14.201,0.962,0
HIST_0819,2.424,23.337,5.012,2.729,3.566,3.377,1.845,5.863,3.983,0.208,1.278,0.834,14.329,0.946,0
HIST_0820,1.872,9.011,3.23,7.227,8.207,7.787,1.759,5.916,4.813,0.422,1.563,0.84,14.586,1.041,1
HIST_0821,2.867,14.618,4.644,5.681,6.357,5.087,1.682,6.07,4.066,0.32,1.465,0.848,12.858,0.997,1
HIST_0822,1.797,9.24,3.35,8.239,9.23,7.895,1.641,6.698,2.483,0.438,1.635,0.855,10.834,1.05,1
HIST_0823,1.827,8.639,3.355,9.482,10.835,10.835,1.679,5.938,2.561,0.519,1.756,0.862,10.628,1.082,1
HIST_0824,2.201,21.353,4.761,5.863,7.096,5.558,1.545,6.317,2.172,0.34,1.492,0.867,10.541,1.001,1
HIST_0825,1.786,8.779,3.271,5.906,6.817,6.148,1.687,6.56,2.377,0.325,1.472,0.874,10.537,1.006,1
HIST_0826,3.052,23.454,5.738,7.464,8.404,7.385,1.791,6.704,2.825,0.413,1.639,0.88,10.773,1.037,1
HIST_0827,1.935,9.338,3.695,4.663,5.767,4.165,1.608,6.048,2.298,0.294,1.469,0.886,11.021,0.981,1
HIST_0828,2.48,23.3,5.006,5.088,6.257,5.06,1.7,5.787,2.435,0.291,1.516,0.892,11.094,0.983,1
HIST_0829,2.004,9.548,3.736,4.589,5.023,4.295,2.024,8.378,2.463,0.286,1.435,0.898,15.621,0.973,1
HIST_0830,1.965,8.606,3.407,5.271,5.872,5.698,1.961,7.89,2.267,0.304,1.487,0.905,15.788,0.982,1
HIST_0831,2.373,13.958,4.119,6.527,7.691,6.887,1.905,6.728,2.51,0.377,1.586,0.913,12.174,1.015,1
HIST_0832,1.88,9.313,3.54,6.913,7.516,6.602,1.864,6.948,2.969,0.39,1.61,0.918,10.301,1.024,0
HIST_0833,1.814,9.344,3.703,9.125,9.972,8.693,1.704,6.287,2.55,0.504,1.76,0.925,10.345,1.074,1
HIST_0834,2.411,23.627,5.216,3.727,5.157,4.448,1.785,6.68,1.716,0.253,1.419,0.933,10.351,0.956,1
HIST_0835,1.753,8.747,3.635,4.427,5.539,5.539,1.8,6.464,2.605,0.29,1.562,0.939,10.076,0.97,1
HIST_0836,2.31,23.589,5.075,6.121,6.769,6.565,1.803,6.515,2.414,0.361,1.614,0.947,10.192,1.001,1
HIST_0837,2.246,10.594,3.856,7.817,8.361,8.179,1.822,6.612,2.164,0.417,1.712,0.955,10.368,1.024,1
HIST_0838,2.901,15.562,4.893,9.788,10.512,8.968,1.757,6.463,3.058,0.515,1.865,0.963,10.504,1.077,1
HIST_0839,2.171,10.321,3.834,8.857,9.687,8.414,2.05,10.174,10.174,0.488,1.828,0.97,18.058,1.051,1
HIST_0840,-0.045,1.178,0.712,-4.177,-3.2,-3.929,0.484,7.67,7.67,-0.199,-0.081,0.0,16.326,0.9,0
HIST_0841,0.858,14.517,2.665,-0.581,0.34,0.34,0.535,8.101,8.101,-0.015,0.108,0.007,16.435,0.986,0
HIST_0842,0.521,14.495,2.716,0.455,0.842,-0.41,0.566,6.988,6.988,0.0,0.088,0.013,16.385,1.006,0
HIST_0843,0.601,16.144,3.049,2.583,3.386,2.523,0.657,7.548,7.548,0.132,0.232,0.019,16.727,1.072,0
HIST_0844,-0.025,1.391,0.755,0.503,1.219,-0.425,0.677,7.436,7.436,0.033,0.131,0.027,17.074,1.007,0
HIST_0845,0.661,15.556,2.88,-0.351,0.384,0.063,0.568,7.966,7.966,-0.027,0.083,0.034,15.232,0.986,0
HIST_0846,-0.389,1.188,0.704,0.597,1.28,-0.476,0.462,7.662,7.662,0.054,0.164,0.04,15.237,1.024,0
HIST_0847,-0.271,1.196,0.724,0.411,1.091,0.605,0.419,3.865,3.865,0.02,0.123,0.047,11.394,1.01,0
HIST_0848,0.482,15.831,2.959,-4.245,-3.682,-4.89,0.414,2.88,2.194,-0.167,-0.051,0.053,9.628,0.914,0
HIST_0849,0.687,15.984,2.913,0.238,1.991,0.036,0.451,3.016,2.004,0.016,0.124,0.06,9.632,1.009,0
HIST_0850,-0.032,1.337,0.753,1.428,2.375,1.521,0.217,2.53,1.4,0.092,0.211,0.067,9.704,1.034,0
HIST_0851,-0.003,2.283,0.915,0.258,1.053,-0.051,0.365,3.268,1.97,-0.002,0.097,0.075,9.887,1.005,0
HIST_0852,1.23,16.925,3.984,-0.468,0.104,-0.352,0.266,2.83,2.169,-0.023,0.089,0.082,9.932,0.989,0
HIST_0853,0.865,15.071,2.774,-0.794,-0.376,-0.65,0.379,3.005,2.057,-0.032,0.102,0.088,10.075,0.975,0
HIST_0854,0.217,1.648,0.775,1.232,1.72,1.464,0.315,3.748,2.099,0.072,0.177,0.095,10.009,1.022,0
HIST_0855,-0.101,0.926,0.669,1.187,1.82,1.05,0.395,2.995,2.013,0.048,0.167,0.1,10.004,1.031,0
HIST_0856,0.614,14.993,2.86,-4.165,-3.511,-3.511,0.397,3.041,2.411,-0.191,-0.024,0.108,10.282,0.898,0
HIST_0857,0.527,14.246,2.624,2.019,3.373,2.133,0.541,7.922,2.351,0.095,0.213,0.115,16.157,1.043,0
HIST_0858,0.091,2.043,0.801,0.158,0.809,0.424,0.446,8.018,2.495,0.018,0.117,0.122,15.961,1.001,0
HIST_0859,0.124,1.667,0.752,3.634,4.547,3.462,0.533,8.352,1.606,0.167,0.307,0.13,15.956,1.096,0
HIST_0860,1.52,15.382,4.537,-0.826,-0.374,-0.801,0.441,3.28,2.585,-0.02,0.106,0.136,12.219,0.977,0
HIST_0861,0.105,2.124,0.807,-0.181,1.672,-0.186,0.361,3.565,2.28,-0.001,0.084,0.142,10.479,0.993,0
HIST_0862,0.671,14.98,2.73,-1.971,-1.107,-2.748,0.368,2.832,2.512,-0.089,0.07,0.149,10.527,0.947,0
HIST_0863,0.079,1.721,0.781,-2.912,-2.563,-2.668,0.554,3.498,1.858,-0.128,0.003,0.156,10.54,0.931,0
HIST_0864,0.404,15.583,2.973,-0.415,0.287,-0.712,0.423,3.361,2.553,-0.026,0.092,0.163,10.809,0.986,0
HIST_0865,0.032,2.074,0.753,4.063,4.582,4.102,0.463,3.663,2.465,0.199,0.346,0.17,10.727,1.096,0
HIST_0866,0.489,15.621,2.879,-0.578,0.122,-0.293,0.658,8.157,3.421,-0.032,0.091,0.177,16.203,0.984,0
HIST_0867,0.059,1.792,0.778,-3.071,-2.672,-2.832,0.447,4.26,2.894,-0.121,-0.009,0.184,12.188,0.926,0
HIST_0868,-0.084,1.427,0.901,2.875,3.284,2.77,0.703,11.043,2.937,0.121,0.285,0.192,18.328,1.059,0
HIST_0869,0.556,14.024,2.576,0.519,1.693,0.612,0.516,7.896,3.365,0.058,0.212,0.198,16.58,1.022,0
HIST_0870,-0.086,2.004,0.889,-1.038,-0.335,-0.335,0.492,7.329,3.116,-0.012,0.102,0.204,16.732,0.983,0
HIST_0871,0.083,2.469,0.748,-0.221,0.663,0.663,0.659,7.683,2.557,0.032,0.126,0.212,16.829,1.008,0
HIST_0872,0.63,15.375,2.846,-1.186,-0.724,-1.629,0.542,7.601,2.624,-0.029,0.124,0.219,17.078,0.973,0
HIST_0873,0.337,14.898,2.855,3.707,5.002,3.557,0.578,7.958,2.565,0.192,0.333,0.227,17.062,1.09,0
HIST_0874,0.083,1.828,0.837,0.361,0.883,0.366,0.65,8.029,3.259,0.025,0.121,0.234,17.408,1.008,0
HIST_0875,0.25,1.917,0.793,0.407,1.609,0.049,0.615,8.335,3.213,0.034,0.132,0.242,17.561,1.008,0
HIST_0876,0.343,1.854,0.888,2.092,2.799,2.127,0.591,8.076,3.206,0.121,0.266,0.248,17.665,1.058,0
HIST_0877,0.335,2.621,0.827,-1.391,-0.632,-0.632,0.676,4.14,2.897,-0.032,0.052,0.255,13.73,0.972,0
HIST_0878,0.036,1.492,0.817,-0.253,0.302,0.302,0.585,5.452,3.296,-0.005,0.109,0.263,13.836,0.987,0
HIST_0879,0.115,1.62,0.683,-0.1,1.275,-0.294,0.555,4.016,2.931,0.027,0.178,0.27,13.954,0.997,0
HIST_0880,0.441,13.691,2.577,1.485,2.432,2.432,0.553,4.021,3.068,0.111,0.297,0.276,13.897,1.046,0
HIST_0881,0.484,14.726,2.774,1.14,1.608,1.528,0.476,3.481,3.481,0.094,0.266,0.283,11.685,1.042,0
HIST_0882,1.036,14.688,3.638,-0.29,0.756,0.303,0.457,4.345,2.319,-0.003,0.108,0.29,11.644,0.986,0
HIST_0883,0.558,14.548,2.685,-1.792,-1.067,-2.606,0.56,8.607,2.284,-0.074,0.053,0.296,17.152,0.95,0
HIST_0884,0.536,15.497,2.899,-3.503,-2.714,-4.825,0.621,8.126,3.3,-0.13,-0.04,0.302,21.275,0.916,0
HIST_0885,0.206,2.047,0.823,0.643,1.163,0.738,0.784,8.667,3.443,0.059,0.156,0.31,21.033,1.017,0
HIST_0886,0.712,16.052,2.957,1.323,2.374,1.022,0.789,12.927,3.057,0.094,0.223,0.316,22.159,1.033,0
HIST_0887,0.18,1.616,0.662,1.31,2.888,1.422,0.603,7.836,2.826,0.079,0.229,0.322,16.915,1.026,0
HIST_0888,0.66,13.789,2.548,-1.735,-0.94,-1.837,0.496,7.522,2.989,-0.059,0.101,0.329,14.95,0.963,0
HIST_0889,0.111,2.304,1.007,-2.206,-1.779,-2.192,0.371,7.981,3.25,-0.068,0.108,0.336,15.16,0.948,0
HIST_0890,-0.078,1.779,0.785,0.17,0.801,0.771,0.862,13.137,3.534,0.011,0.183,0.343,20.601,0.994,0
HIST_0891,0.999,15.801,3.975,1.138,1.995,0.953,0.488,7.537,3.385,0.082,0.22,0.349,15.281,1.031,0
HIST_0892,0.615,14.189,2.598,0.054,0.874,-0.167,0.39,4.255,2.661,0.013,0.157,0.356,11.416,1.007,0
HIST_0893,0.315,1.482,0.77,-0.512,0.399,-0.955,0.419,4.701,3.238,-0.029,0.075,0.362,11.749,0.973,0
HIST_0894,-0.038,1.398,0.82,-1.055,-0.315,-1.262,0.507,4.534,3.334,-0.036,0.144,0.368,11.752,0.974,0
HIST_0895,0.53,15.748,2.903,2.606,3.424,2.734,0.43,3.66,3.66,0.117,0.256,0.376,9.875,1.051,0
HIST_0896,1.063,16.078,3.916,-2.947,-1.684,-3.081,0.289,3.198,3.045,-0.091,0.057,0.384,9.681,0.938,0
HIST_0897,-0.002,1.574,0.744,-2.199,-1.744,-2.27,0.387,3.253,3.253,-0.091,0.064,0.391,9.835,0.94,0
HIST_0898,0.009,1.709,0.796,-0.723,0.199,-1.547,0.332,3.136,3.136,-0.021,0.129,0.398,9.669,0.983,0
HIST_0899,0.808,15.315,2.822,1.98,2.644,2.151,0.371,2.949,2.949,0.109,0.233,0.404,9.561,1.043,0
HIST_0900,0.846,14.608,2.665,-0.673,0.316,-1.064,0.342,3.407,3.407,0.011,0.239,0.411,9.451,0.991,0
HIST_0901,0.366,16.709,3.132,1.577,2.226,1.793,0.315,3.3,3.3,0.113,0.274,0.418,9.511,1.038,0
HIST_0902,0.653,15.771,2.927,-0.292,0.206,-0.414,0.54,3.819,3.819,0.034,0.189,0.424,9.848,0.994,0
HIST_0903,0.29,2.282,0.884,0.002,1.104,1.104,0.361,2.916,2.669,0.016,0.167,0.43,9.786,0.996,0
HIST_0904,1.489,17.295,3.941,-3.406,-2.93,-3.053,0.383,4.231,4.231,-0.119,0.018,0.437,10.086,0.914,0
HIST_0905,1.119,15.624,3.884,-0.568,-0.064,-1.302,0.503,10.247,10.247,-0.028,0.131,0.443,16.68,0.979,0
HIST_0906,0.241,1.947,0.782,0.604,1.672,0.374,0.402,4.268,4.268,0.062,0.205,0.45,10.952,1.013,0
HIST_0907,0.137,2.112,0.799,-0.186,0.497,-0.815,0.427,2.925,2.925,0.035,0.179,0.456,11.18,1.002,0
HIST_0908,0.019,1.888,0.9,0.981,1.851,0.797,0.395,3.972,3.972,0.107,0.251,0.463,11.248,1.031,0
HIST_0909,0.017,1.369,0.825,-0.411,1.144,-0.397,0.38,4.523,4.523,0.037,0.299,0.47,11.334,0.99,0
HIST_0910,1.314,15.769,3.849,2.15,3.024,1.621,0.52,4.56,4.56,0.113,0.244,0.477,11.351,1.045,0
HIST_0911,0.364,1.986,0.842,0.654,1.695,1.196,0.388,4.154,4.154,0.057,0.269,0.485,11.276,1.014,0
HIST_0912,1.316,15.672,3.865,-2.307,-1.968,-2.844,0.657,6.506,4.163,-0.07,0.034,0.491,15.567,0.94,0
HIST_0913,-0.008,2.097,0.962,-0.323,0.384,-0.338,0.634,6.296,4.416,0.03,0.186,0.499,15.588,0.995,0
HIST_0914,0.321,2.012,0.785,-3.252,-2.411,-3.567,0.67,6.512,4.133,-0.121,0.076,0.506,15.804,0.926,0
HIST_0915,0.583,14.591,2.7,-1.748,-1.154,-1.764,0.45,4.356,4.356,-0.037,0.171,0.512,12.662,0.962,0
HIST_0916,0.298,2.021,0.857,1.871,2.532,2.071,0.464,4.057,4.057,0.135,0.296,0.519,12.729,1.051,0
HIST_0917,0.127,1.541,0.853,-0.338,0.38,-0.539,0.626,4.532,4.532,0.037,0.211,0.527,12.712,1.001,0
HIST_0918,0.975,15.032,2.795,-0.327,2.92,-1.134,0.617,3.85,3.772,0.012,0.79,0.534,12.701,0.977,0
HIST_0919,0.543,5.513,1.456,0.727,3.928,-0.016,0.98,6.89,4.732,0.068,0.88,0.54,16.905,0.989,0
HIST_0920,0.88,6.69,1.949,2.605,5.044,-0.205,0.916,3.861,2.179,0.17,0.938,0.546,11.32,1.014,0
HIST_0921,1.206,14.801,3.216,4.267,7.391,0.978,0.878,4.204,2.905,0.228,1.045,0.555,11.321,1.05,1
HIST_0922,1.29,19.886,3.902,0.669,2.255,2.019,1.029,3.799,2.645,0.048,0.836,0.561,11.415,0.945,0
HIST_0923,0.84,6.588,2.265,2.982,4.452,3.741,1.066,4.124,2.164,0.157,1.038,0.568,11.206,0.999,0
HIST_0924,1.449,14.066,3.448,6.058,7.169,5.495,1.324,4.466,2.013,0.307,1.132,0.575,11.299,1.054,1
HIST_0925,1.467,6.27,2.238,8.058,8.811,7.756,1.229,4.075,1.811,0.392,1.236,0.582,11.126,1.087,1
HIST_0926,1.282,7.127,2.474,6.032,6.681,5.617,1.318,4.098,1.465,0.328,1.217,0.589,11.288,1.048,0
HIST_0927,1.701,20.362,4.191,5.147,6.047,4.077,1.195,4.315,1.767,0.245,1.07,0.595,11.131,1.019,1
HIST_0928,1.873,15.964,3.777,3.352,4.704,2.649,1.283,4.186,2.143,0.214,1.068,0.602,11.196,0.988,0
HIST_0929,2.44,20.579,4.901,5.8,6.983,4.555,1.315,4.295,2.542,0.316,1.153,0.609,11.271,1.036,1
HIST_0930,1.421,8.506,2.868,3.781,4.228,4.212,1.497,7.202,1.94,0.222,1.035,0.616,15.877,0.993,1
HIST_0931,1.907,15.937,3.668,8.259,9.11,8.714,1.369,4.542,1.109,0.415,1.451,0.623,12.282,1.087,0
HIST_0932,1.224,6.557,2.416,7.794,8.65,8.65,1.394,4.557,1.825,0.393,1.281,0.63,12.414,1.073,1
HIST_0933,2.271,15.24,4.09,3.955,4.506,4.223,1.585,10.426,1.471,0.254,1.125,0.639,19.119,1.0,1
HIST_0934,1.819,15.926,3.614,4.907,6.093,5.683,1.599,8.605,2.282,0.274,1.14,0.646,17.357,1.015,1
HIST_0935,1.245,7.242,2.715,3.322,4.378,3.822,1.6,8.666,2.18,0.192,1.052,0.652,17.482,0.975,0
HIST_0936,1.773,16.502,3.935,2.664,3.816,3.816,1.455,5.199,2.873,0.202,1.123,0.658,13.633,0.973,0
HIST_0937,1.551,7.214,2.497,1.135,1.694,0.781,1.411,4.673,2.486,0.116,0.937,0.666,11.72,0.93,0
HIST_0938,1.471,7.998,2.777,5.464,6.266,4.782,1.418,4.67,2.627,0.292,1.211,0.672,11.934,1.019,1
HIST_0939,1.341,7.924,2.684,4.514,5.824,4.079,1.672,10.212,2.654,0.263,1.19,0.679,18.53,1.001,1
HIST_0940,1.894,15.093,3.637,3.681,4.94,3.364,1.673,7.76,2.009,0.244,1.098,0.687,16.292,0.987,0
HIST_0941,2.761,22.757,6.609,6.685,7.599,6.912,1.687,8.051,2.025,0.353,1.281,0.694,16.135,1.046,1
HIST_0942,1.657,7.72,2.897,0.264,0.69,0.247,1.634,7.575,2.899,0.064,0.92,0.702,16.192,0.904,0
HIST_0943,1.919,15.238,3.883,1.401,2.562,1.499,1.612,8.405,2.448,0.118,1.066,0.709,16.198,0.927,0
HIST_0944,1.333,7.346,2.927,9.526,10.703,10.703,1.638,7.757,2.325,0.474,1.508,0.716,16.374,1.099,1
HIST_0945,1.352,6.921,2.797,6.304,6.848,5.752,1.6,7.552,1.958,0.36,1.371,0.723,16.44,1.038,1
HIST_0946,1.803,14.598,3.559,4.943,5.784,4.601,1.647,8.256,2.055,0.261,1.214,0.729,14.733,1.002,1
HIST_0947,1.601,7.947,2.904,3.594,4.59,2.973,1.551,7.881,2.965,0.258,1.238,0.735,14.589,0.98,0
HIST_0948,2.319,15.494,3.82,2.32,3.545,3.545,1.582,5.62,2.633,0.157,1.088,0.742,11.012,0.947,0
HIST_0949,2.075,15.429,3.907,4.434,5.252,4.405,1.494,5.405,2.213,0.266,1.249,0.749,11.212,0.989,1
HIST_0950,2.264,15.723,3.951,7.825,8.357,7.732,1.587,5.456,2.233,0.42,1.519,0.756,11.171,1.063,1
HIST_0951,1.452,7.437,3.052,2.479,3.801,1.983,1.422,5.282,2.338,0.179,1.139,0.762,11.416,0.943,0
HIST_0952,2.523,14.14,4.583,4.614,5.153,4.945,1.679,5.748,2.21,0.258,1.25,0.769,11.749,0.984,1
HIST_0953,2.093,15.053,3.837,3.579,4.037,4.037,1.716,6.0,2.414,0.21,1.254,0.776,12.008,0.965,0
HIST_0954,2.022,8.869,3.128,6.195,7.012,6.746,1.512,5.456,2.531,0.305,1.382,0.783,12.116,1.015,1
HIST_0955,1.644,8.424,3.042,1.849,2.222,1.469,1.722,9.058,2.439,0.158,1.172,0.79,18.737,0.931,0
HIST_0956,2.093,15.07,3.898,2.066,2.607,2.579,1.734,6.451,6.451,0.16,1.154,0.796,17.835,0.935,0
HIST_0957,1.768,8.253,3.007,7.398,8.686,7.317,2.122,11.548,11.548,0.376,1.525,0.803,27.734,1.037,1
HIST_0958,2.088,21.93,4.763,4.824,5.818,5.818,1.952,7.622,7.622,0.289,1.379,0.81,22.341,0.984,1
HIST_0959,1.53,8.803,3.433,1.978,2.643,2.359,2.023,8.503,8.503,0.149,1.153,0.816,22.338,0.924,0
HIST_0960,1.897,14.543,3.97,6.302,6.906,5.518,1.74,5.957,4.227,0.37,1.534,0.824,12.217,1.025,1
HIST_0961,1.603,8.804,3.369,4.654,5.57,4.751,1.769,6.097,4.213,0.249,1.29,0.83,12.179,0.971,1
HIST_0962,2.071,22.131,4.799,5.58,5.964,5.124,1.522,5.962,4.477,0.333,1.442,0.836,12.276,1.003,1
HIST_0963,2.341,16.372,4.219,4.834,5.852,5.852,1.627,6.293,2.309,0.297,1.416,0.843,10.333,0.986,1
HIST_0964,1.511,9.067,3.622,7.574,8.943,7.459,1.643,6.489,1.981,0.418,1.588,0.85,8.407,1.041,1
HIST_0965,1.869,8.873,3.453,6.984,7.724,6.754,1.583,5.976,1.47,0.39,1.537,0.856,8.543,1.026,1
HIST_0966,1.596,9.225,3.536,6.504,7.472,5.859,1.624,6.124,2.497,0.365,1.539,0.864,8.707,1.016,1
HIST_0967,1.732,8.532,3.433,4.868,5.591,3.996,1.642,6.146,2.69,0.293,1.444,0.872,8.78,0.988,0
HIST_0968,1.835,9.084,3.396,7.127,7.955,7.009,1.665,6.186,2.128,0.385,1.625,0.879,8.85,1.027,1
HIST_0969,2.535,15.471,4.226,5.579,6.566,5.591,1.902,8.548,2.732,0.323,1.493,0.885,15.483,0.99,1
HIST_0970,3.285,14.293,4.591,6.012,6.668,5.498,1.715,6.553,2.654,0.366,1.593,0.893,11.238,1.009,1
HIST_0971,1.997,8.583,3.547,6.678,7.105,6.119,1.648,6.297,1.927,0.409,1.69,0.899,11.02,1.021,1
HIST_0972,1.987,8.976,3.336,3.386,4.123,3.84,1.909,9.404,2.08,0.227,1.388,0.907,16.705,0.947,0
HIST_0973,2.786,15.203,4.719,4.644,5.57,3.679,1.73,6.119,2.06,0.294,1.498,0.914,11.128,0.975,0
HIST_0974,1.906,9.043,3.61,8.23,8.849,8.066,1.768,6.201,2.643,0.413,1.726,0.92,11.147,1.037,1
HIST_0975,2.59,15.207,4.39,7.868,8.556,7.477,1.664,6.065,1.426,0.44,1.762,0.927,11.286,1.043,1
HIST_0976,1.773,10.474,3.71,6.371,6.92,6.259,1.762,6.511,2.278,0.36,1.623,0.933,11.341,1.001,1
HIST_0977,2.76,22.536,4.941,4.726,5.161,4.93,1.757,6.599,2.401,0.294,1.524,0.938,9.449,0.977,1
HIST_0978,1.955,9.71,3.977,9.26,10.099,8.523,1.777,7.126,1.908,0.503,1.8,0.946,9.269,1.069,1
HIST_0979,1.903,9.855,3.863,6.436,6.827,6.615,1.673,6.801,1.987,0.384,1.61,0.953,9.456,1.003,1
HIST_0980,-0.297,1.399,0.972,0.24,1.317,0.106,0.418,3.335,2.262,0.006,0.128,0.0,9.713,1.005,0
HIST_0981,-0.107,1.156,0.697,-4.734,-3.521,-4.781,0.351,3.012,2.061,-0.193,-0.112,0.007,9.746,0.892,0
HIST_0982,-0.131,1.418,0.904,1.405,2.045,0.643,0.391,3.408,2.557,0.055,0.137,0.014,9.66,1.033,0
HIST_0983,0.671,16.011,2.959,-1.238,-0.499,-1.184,0.268,3.36,2.02,-0.057,0.046,0.022,9.758,0.968,0
HIST_0984,0.013,1.376,0.805,0.895,1.703,1.703,0.514,8.539,2.269,0.032,0.106,0.028,15.752,1.015,0
HIST_0985,-0.06,1.595,0.579,-1.805,-1.268,-1.977,0.624,8.341,2.463,-0.095,0.019,0.034,15.206,0.956,0
HIST_0986,0.534,14.071,2.637,-0.456,0.504,-1.719,0.629,7.221,1.993,-0.019,0.058,0.042,15.258,0.993,0
HIST_0987,-0.03,2.013,0.769,-1.554,-0.966,-1.035,0.379,3.852,2.161,-0.078,-0.003,0.048,11.344,0.965,0
HIST_0988,0.703,14.936,2.768,-1.665,-0.796,-1.7,0.476,3.439,2.729,-0.067,0.094,0.055,11.338,0.962,0
HIST_0989,0.32,13.235,2.503,-1.56,-0.585,-1.13,0.241,2.738,1.924,-0.055,0.025,0.061,9.734,0.97,0
HIST_0990,1.192,15.035,3.751,2.245,2.7,1.915,0.294,2.476,2.406,0.099,0.19,0.068,9.614,1.057,0
HIST_0991,-0.145,1.396,0.815,-3.709,-2.639,-4.207,0.351,2.88,2.858,-0.155,-0.073,0.074,9.499,0.916,0
HIST_0992,0.607,16.525,3.031,3.857,4.479,3.432,0.292,2.588,1.678,0.172,0.267,0.082,9.499,1.092,0
HIST_0993,-0.051,1.032,0.601,-0.827,0.625,-1.332,0.245,2.779,2.055,0.001,0.133,0.089,9.805,0.99,0
HIST_0994,1.104,16.007,4.019,0.351,0.843,-0.71,0.418,3.0,2.602,0.013,0.1,0.097,9.982,1.007,0
HIST_0995,0.493,15.073,2.83,-2.524,-1.777,-2.85,0.346,3.075,2.837,-0.101,0.044,0.103,10.124,0.943,0
HIST_0996,-0.175,1.294,0.913,0.641,1.43,0.176,0.325,3.009,3.009,0.02,0.107,0.111,10.133,1.006,0
HIST_0997,0.097,1.357,0.795,-0.823,-0.416,-0.961,0.488,3.802,1.856,-0.015,0.106,0.119,10.08,0.98,0
HIST_0998,0.761,15.833,2.897,-0.176,0.521,0.521,0.362,3.339,3.223,-0.005,0.064,0.125,10.307,0.993,0
HIST_0999,0.067,2.404,0.759,0.991,1.816,1.816,0.356,2.898,2.196,0.04,0.144,0.132,10.48,1.028,0
HIST_1000,-0.075,1.741,0.84,2.045,2.677,2.0,0.374,3.742,3.06,0.105,0.266,0.138,10.64,1.049,0
